,ID,REPLY,LIKE,LIKE2
0,주식회사 짱호,@->----이번 추석에는 선물이 안들어와서 시원섭섭했는데 이 종합선물세트를 받기위해 그런것같습니다. 명절에 해주는 특선영화보다 연예인들이 나오는 청백전보다 더 재미난것같습니다. 내가 나와서는 아니고. 으하하남은 한해 건강하시고 웃는일들 가득하시길 기원합니다.- 李 택조형! -,6천,6000
1,_kimga nice,밥 먹을때 틀어놓고 보기 딱 좋음!!! 진짜 소중한 한사랑산악회 오래갑시다,440,440
2,김안녕,"집에 어른들 모여서 즐겁게 떠들때, 옆에서 놀다가 뜨끈한 바닥에서 땀뻘뻘흘리며 꿀잠자던 어린시절로 돌아간것 같아서 좋음.",924,924
3,김경희,산악회 너무 좋아요!산악회 제발 계속 해주세요!^^,65,65
4,동동,나의 넥스트 무한도전 되어버린 한사랑산악회.. 작업할때 틀어놓고 보는데 최고되네요,36,36
5,옹서,택조아저씨의 핸드폰케이스에 꽂힌 카드명함까지 완벽하다..진짜 진정 한사랑산악회 올해 연기대상감임..,232,232
6,a fun life,이거 틀어놓고 매일 자는데  너무 조음..♡ 요즘 힘든일있어서  다 내려놓고싶고 죽을거같은데 힘이 많이 됨.. ㅜㅜ,273,273
7,Karikari_H,"내용도 있고,, 감동도 있고,, 세계관,, 현실고증 디테일은 말할것도 없고,, 아저씨들 각자 매력있고 캐릭터 확실하고,, 아니 진짜 흠잡을곳이 없다. 이분들 진짜 대성했음 좋겠다.. 특히 탤런트 있는 택조아저씨 진짜 개좋아! 내맘속에 회장!ㅋㅋㅋ 열정열정열정!!!!️",469,469
8,poeing,"그냥 내가 좋아하는 파트 +계속 업뎃함요5:14 교수님 팝송7:23 청바지, 열정열정열정9:02 칸베이어 콘베이어 사람 셋중 하나는 스승11:30 틈새 열정열정열정13:35 저스트 어 모먼트30:41 이판한판 싯팔! 오늘밤이다 싯팔!34:26 ㅋㅋㅋㅋㅋㅋ택조아재세수35:14 열정열정열정36:16 다이아몬드 스텝, 내츄럴, 사파이어 스텝38:41 광용이 ㅋㄱㅋㄱㅋ눕방체조 ㅋㅋㅋㅋ39:07 빨리와 열정이없어43:31 찰진 싯팔, 욕은안돼, 옷벗음과 현웃44:31 깨진 바가지58:30 누나 언니, 누가 나의편 언제나 니편1:00:08 택조 술 요일송1:07:05 만나서 반갑다고 반가우우우1:14:18 배용길 관상1:51:23 나뭇잎 회장 투표2:00:24 야망의 이택조, 선글라스의 마법2:08:18 *감동 영남회장 계단 띵언2:10:03 ㅋㅋㅋㅋㅋㅋ택조눈물세수2:14:15 구도 개웃김ㅋㅋ  감동드라마♡3:13:09 어! 어어 에 에에 으 어~!",265,265
9,리누,"처음엔 사람들이 개그 컨셉으로 웃고 즐겼는데, 시간이 지나니 적지 않은 사람들이 힐링과 위로와 평안을 얻고 가네피식대학 잘 안 보고 이 컨텐츠도 유명하단 거 알기만 하는데, 여러모로 역대급 컨텐츠인 건 확실하다",170,170
10,bobo miniature,이렇게 사랑스런 청년들을 봤나...당신들의 열정에 정말 감사합니다. 너무 많이 웃어서 행복해요~♡,94,94
11,핑크젤리♥,"웃음만 있는게 아니라 아버지들의 삶의 애환, 감동, 우정, 가족애 다 들어 있는 것 같네요재밌게 잘 봤습니다~",8,8
12,강ᄌ,오래 오래 했으면 좋겠어요. 재미도 있지만 우리 아버지들의 모습을 보는거 같아 너무 좋아요.,558,558
13,정유미,택조아재~응원합니다~^^이택조 채널도 열정적으로 보고있어요~한사랑산악회는 볼때마다 느끼는거지만 이건 진짜 레전드같아요~왠만한 테레비 시트콤보다 고컬~!!,52,52
14,Hj Park,진짜완벽하다... 등산할때 옆에서 지나가던 중년들 디테일의 완벽재연!,62,62
15,조자두,우리 아부지 이거 컨셉인지모르고 그냥 잼있다고 보심,4.3천,4300
16,혜리포터혜리,킬링포인트가 너무 많아 ㅠㅠㅠ 한편한편이 다 너무 주옥같아,17,17
17,안가영,아...뒤늦게 빠져서 정주행 중인데 정말 진짜 너무 재밌어서 너무 행복해요 ㅋ ㄱ ㅋ ㄱ 요세 웃을일이 없었는데 정말 감사해요 어지간한 넷플릭스보다 훨씬 재밌어요 한사랑산악회 짱짱  사랑해요 ,27,27
18,사과,이택조 이 사람 진짜 웃겨 개콘에 계실때 이정도로 웃긴 사람인 줄 몰랐어요ㅋㅋㅋ 연기 정말 잘하시네요,1.6천,1600
19,영파이어,한사랑 산악회는 이로써 2021년 제가 가장 사랑하는 대한민국 시트콤이 되었습니다.,28,28
20,Olive Tree,ㅋㅋㅋㅋㅋ 계속 피식 피식 웃게 되넼ㅋㅋㅋ 다들 개성이 뚜렷해서 너무 좋앙ㅋㅋㅋ,23,23
21,치키타,영남회장님의 계단 명언은 진짜 언제나 들어도 가슴을 울리네요,2,2
22,영원히 사랑해,아 웃겨 눈물나 배아파 어쩜 50대 아재들 케릭터가 완벽해 오늘 첨 정주행하고 있는데  스트레스가 다 풀린다 쵝오!!!,84,84
23,JM Lee,"8:32 34:18 등산온 아저씨 세수 디테일 미쳤네요 ㅋㅋㅋㅋㅋ사투리랑 말투만 잘 살리는게 아니라, 대화 소재나 내용의 디테일이 정말 기가막힘! 28:06 29:59 38:19 이런 부분 보고 진짜 감탄했음..46:57 말리기 딱 좋은 체형 ㅋㅋ",92,92
24,Isabella Lee,어머.. 나 이제 이걸 자장가로 들어요 ㅜㅜ 2년째 스트레스 해소 명상음악 틀어놓고 잤었는데 이젠 이거 틀어놔요 ㅋㅋㅋㅋㅋㅋㅋㅋㅋㅋㅋ 어제 잠이 잘 오길래 오늘도 틀어놓을려고 왔어요 ㅎㅎ 웃으면서 잠들 수 있어서 감사합니다 ,28,28
25,JUST BRING IT !!,한사랑 산악회가 제일 좋다. 잔잔한 시트콤 보는 것 같아서 너무 좋음.,142,142
26,by_hyero,진짜 이거 레전드  지칠때마다 켜서 봄.. 울아빠 생각난다,7,7
27,알로하 알로하mistermonkey,우리 아버지들이 가족모르게 쌓여온 서러움과 슬픔을 감추고 아재아재라고 비웃음 받지만  사실 그 누구보다 여리고 가족위해 희생하며 살고있다는 걸 코미디로 보여준다는 점에서 대단하단 생각이 들게해요..,329,329
28,S J,한사랑산악회 결산중에 이게 제일 좋음 이게 최고다,0,0
29,다현,1:00:17 와 이 노래 진짜 있는 거였어? 아빠가 가끔 불러서 아빠가 지어낸 노랜줄 알았는데 세상에...,1.8천,1800
30,끼욧,이게 2년전이라니... 이거도 하나의 추억이디 정말,7,7
31,이수연,1:00:06....내 최애구간....반주를 만들어서라도 리듬을 타버리는....뼛속부터 흥의 민족ㅠㅠㅠㅠ,809,809
32,김진원,"택조 아재가 얘기한 3:08:00 에 대사 진짜 뼈져리게 다가오네요. 여기 작가가 따로있나??인생이 제일 힘들때 어제가 제일 힘든줄 알았는데 오늘이 더 힘들었고, 그래서 내일이 두려울때....진짜 뭔가 확 허파를 뒤집고 가네요ㅜㅜ",55,55
33,윤호,ㅋㅋㅋㅋ이거 틀어놓고 잤더니 꿈에서 산악회분들 저희집에 집들이왔어요ㅋㅋㅋㅋ 광용쌤 얼굴보고 빵터져서 웃다가 눈물까지흘림,17,17
34,지나가는사람,뭐지.. 한국에 있는 산이 궁금해서 검색 해보는데 영상이 떠서 보고 있습니다. 매력이 아주 넘치다 못해 흘러 강을 만들어 버리셨습니다,13,13
35,두루미,너무 좋다 이렇게 모아주는거…….,19,19
36,찐,아. 정말 한사랑산악회. 사랑합니다. 요즘 우울한 시기에 큰 웃음을 주어 감사합니다. 요즘 이거 보는 재미로 살아요 ㅋㅋ 4명 모두 캐릭터 짱 웃겨요 ㅋㅋㅋㅋㅋㅋㅋㅋ 진짜 아저씨들 같아요,15,15
37,아기도미 일상,이런게 ASMR인가요..? 재택근무중에 이미 본 영상들 모음집으로 틀어놓고 일하는데 참 마음이 안정되고 행복하네요,33,33
38,아몬드,공부하다가 쉼이 필요해서 삼촌들 보러 왔어요 삼촌들 보면 왜 마음이 편하지? 기숙사에서 일주일 살았는데  집에 너무 가고 싶다.,17,17
39,N.C.L.M jazz,36:57 이택조 명언..... 깊은 깨달음 얻고 갑니다..,366,366
40,내일은또 다른 태양,산악회 멋지다.,3,3
41,Stella Pak,우와~~ 인천 계양산 언제 오셨어요?울 동네라 저도 자주 가는데 ㅎㅎ 또 오세요 너무 재밌어요 진짜 50대 아재들이랑 똑같아요 대박 마지막은 항상 싸움 하다가 목소리 겁나 크고,4,4
42,감성당근,아무 생각없이 욜심히 보고 있는데 왜 때문에 다음편으로 안넘어가지했더니 무려 세시간???!!!!감사합니다 ️️,6,6
43,비비,아니 왜 내가 아저씨들 노는걸 24시간 틀어놓고 있는거지... 밥먹을때도 보고 자기전에도 보고 중독수준;;,3천,3000
44,LovelyJJ,오늘 사람 스트레스에 너무 힘든하루였는데.. 왤케 힐링되냐..,5,5
45,봉구아빠,44:10 와 진짜 웃다가 숨넘어가는 줄 알았네 리얼쩌다 진짜,54,54
46,lillliilili,지나가던분들은 진짜 아재들인줄 알았겠지... 나도 아재들인줄알았어요..택조아재 본캐가 도대체 뭐야..,34,34
47,moonseob noh,30:43 택조의 신들린 라임31:54 로또 1등만큼 듣기 힘든 광용의 우렁찬 함성,106,106
48,ZiZi,뒤늦게 한사랑 산악회에 빠졌읍니다.... 항상 잼나게 보고덜 갑니다. 총총.....,20,20
49,블루베리스무디,집에 혼자 있을 때 적적할 때 틀어놓으면 막 시끌시끌하고 좋음. 잠 잘 때도 틀어놓음 좋음 ㅋㅋㅋㅋㅋㅋ,98,98
50,MIRAN LEE,오랜만에 다시보는데 너무 재밌구 웃음이납니다. 약간 눈물도나구요 .. 이런컨텐츠 계속해서ㅠ올려주시면 정말 감사하겠습니다. ㅋㅋㅋ,2,2
51,Harry22,웃다가 울다가 진짜 빠져나갈수없읍니다 감동 드라마 열정 열정 열정!!!!!,28,28
52,九州狩りKYUSHUGARI,한사랑 산악회는 역시 몰아보기로 봐야해ㅋㅋㅋ,3,3
53,JM Lee,대한민국 모큐멘터리 코미디 장르에 한 획을 긋는 작품입니다~,6,6
54,이춘삼,어쩜 이리 아자씨들 마주치는 곳 현실 어디선가에서 본 듯 디테일 고증(?) 쩐다ㅋㅋㅋㅋ택조아재는 진짜.. 어찌 이리 어디선가 본듯 아재연기 쩐다 ㅋㅋㅋㅋ,6,6
55,병건이는 못말려,진심 저 산악회에 가입하고 싶읍니다,36,36
56,이수성,나 왜 이거 처음부터 끝까지 다 보고있냐.. 대박이네 정말ㅋㅋㅋㅋ 중독성,4,4
57,la la,이택조 아저씨 진짜 연기 너무 잘함 ; 슬픈 씬 연기할때 넘 울컥해버리네 웃긴 컨텐츤데 ㅋㅋㅋ ㅋㅋ,11,11
58,해빗,너무 웃기네요..  각 캐릭터별 디테일 진짜 좋습니다.,4,4
59,탄수중독,"내 소울메이트 1박2일 시즌1을 떠나 이젠 한사랑산악회에 안착해버렸다.. 주변소음 필요할때, 잘때 거의 항상 틀어놓고 있는다 좀 있으면 대사도 다 외울듯 ㅠㅠㅠ",5,5
60,이영욱,"43:30 올타임 레전드 ㅋㅋㅋㅋㅋㅋ 진짜 ㅈㄴ 웃김 ㅋㅋㅋㅋ 마지막 ""광용이!!""까지 넘 조아",194,194
61,박가은,어제 북한산 갔다왔는데 한사랑산악회 회원님들이 우글우글해서 혼자 빵터졌어요ㅋㅋㅋㅋ 진짜 현실고증bb,1.2천,1200
62,캐리왕,이게 진짜 관찰력이 좋아야 함. 디테일 살리려고 얼마나 노력했을지.,32,32
63,Traveler Check,실제로 산악회 경험이 있어야 저런 메쏘드 연기를 할 수 있지..진정한 뼈그맨들이다,17,17
64,김진영,"한사랑산악회 알라뷰,,,, ",3,3
65,AK,아니 무슨 인생영화 처럼 이걸 몇번을 돌려보는지 모르겠어요. 등산 매주 가주세요 ㅠㅠㅠㅠㅠ,6,6
66,해피랑보리가보고시퍼만든채널,엘퓌바 사장님 편집 다시부탁드려용  수면용으로 8시간 한사랑 만들어주세용!! 잘때마다 틀고자는데 중간에 끊기면 새벽에일어나 다시틀고자용ㅠ,1,1
67,MC천불,"시트콤같기도 하고 8,90년대 개그 꽁트같기도 하고 명랑만화같기도 하고 내가 너무나 좋아하는 감성이에요 웃기기도 하면서 힐링되네요^-^",28,28
68,할라삐뇨,와.. 머니게임보다가 들어왔는데 너무 평화로워서 힐링이되네요..,7,7
69,o,아 빵빵 웃길 줄 알고 봤는데 피식피식하면서 볼 수록 편안해지는... 그 밥먹으면서 보기 좋은 만화나 예능같은 느낌이랄까... 좋다... 조와...,10,10
70,이웃어요,와~!!진짜너무너무너무너무 잼있게 봤습니다 네분다 너무 사랑스러운 아저씨입니다! 3:7분 진짜 지하철에서 미친듯 낄낄거렸습니다,0,0
71,MS,잠안올때 결산시리즈 보면 기분좋게 뚝딱임,2,2
72,jolyn,ㄹㅇ... 아빠가 조기축구회장 15년 하셨는데 맨날 저럼.. 그냥 산악회 분위기 그대로 ㄷㄷ,2,2
73,YOUNGHO KWON,아버님들 건강하시고 오래오래 뵐수 있으면 좋겠어요. 열정!열정!열정!,19,19
74,조혜수,재미도 있는데 따뜻한 포인트 많아서 가끔 이거 보고 욺ㅠㅠ,10,10
75,소현주,너무  재밌어 ㅋㅋㅋ    하이킥 시리즈같이 옛날같이 재밌는프로가 없어서 아쉬웠는데  유튭말고 공중파에서 이프로보고싶다,10,10
76,LEE움냠냠,"ㅠㅠ넘좋다. 영남회장의 갑자기 큰소리치는 그악센트, 혁이 아버진줄몰랏던 물리쌤... 다들다조아",1,1
77,냥폼,제발 이멤버 이대루 오래 해주세여ㅜ.ㅠ 내 힐링영상 영남택조용길광용아재 샤룽해요♡,2,2
78,밈미맴맴매,이거보면서 웃기고 유쾌한데도 울컥하는 이유가 우리 아빠는  저렇게 친구들끼리 등산갈 생각도 못할 정도로 늙어버렸다는 것.체력과 뼈가 안좋아져서 모임가서도 저렇게 싸우고 즐길 여력도 남지 않았다는게 너무 슬픔,101,101
79,l¡ngö,진짜 이런 콘텐츠를 공짜로 볼 수 있어서 행복하당,22,22
80,Ga Na,열정 !열정!  머릿속에서 계속 울려요 ㅋㅋㅋㅋㅋ,4,4
81,Yera,이거 브이로그인가...? 와 특징도 너무 잘 잡으시고 디테일도 미쳨ㅋㅋㅋㅋㅋㅋㅋ,11,11
82,Andrew,36:08스텝 진짜 리듬감 넘치네,13,13
83,혜진 한,피식대학을 몰랐더라면한사랑산악회를 몰랐더라면자유시간이 원래 하모니카만한지 몰랐을텐데 새벽에 또 봐도 나를 이렇게 편안하게 해주냐,3,3
84,뽀CH작룔女。•♡,광용쌤 존나 재밌음 그 조용한 분위기에서 나오는 아우라가 걍 개욱김 ㅠ,141,141
85,한국어로TV,"이건 ㄹㅇ 2020년대의 순풍산부인과,지붕뚫고 하이킥이다.",4.3천,4300
86,밍,나 무도틀어놓고 밥먹었는데 지금은 한사랑산악회 틀어놓고 먹네  개쥬아 ㅠㅠㅠ,30,30
87,이소연,"가만보면... 인생관도 뚜렷하고, 항상 낭만을 잃지 않고, 경제적여유 있어 안정적이고, 돌아가면서 베풀고, 어설픈 몸짓과 말투에 한 겹 가려졌을뿐 멋짐 그 자체네",67,67
88,긍디승디,같이 등산가고싶다ㅋㅋㅋㅋㅋㅋ,4,4
89,딸기,광용쌤 연기가 진짜 진짜 힘든거에요 ㅋㅋㅋㅋ 진짜진짜 최고!!!!!!!!,38,38
90,ᄒᄋ문학쟁이,3:01:48  안주 구성 ㄹㅇ 소름이다 진짜 산악회안주 ㅋㅋㅋㅋㅋ,194,194
91,호롤로,허루ㅜㅜㅜㅜㅜㅠㅠㅠㅠ드디어 한사랑산악회 몰아보기가 나왔네요ㅠㅠㅜ 며칠전에 한사랑산악회도 몰아보기 나왓음 좋겠다 생각했는데 이런 운명이..!!!다음주에 시험 치고나서 볼거 찾고 있었는데 이거나 봐야겠어요ㅠㅜ 감사합니다 ㅎㅎ보고 계속 봐도 재밌는 한사랑 산악회,44,44
92,귀찮,이거 틀어놓고 출근 준비도 하고 저녁도 먹고 술도 마셔요 아 진짜 라디오같아 ㅋ,1,1
93,여니천사,"준며드는게 유행타기 한참 전부터 저는 한사랑산악회보고 항상 혼자 배잡고 쓰러졌는데 준이씨만 떠버린게 넘 아쉬워요 ㅠㅡㅠㅡㅜ 저에겐 한사랑 사천왕이 체고거덩여 ,,,, 물론 지금은 준며들었지만 ㅎ 광용쌤 간만에 영상올려주쎄요 읠쯩읠쯩읠쯩 ~~~!!~!!!",61,61
94,임윤정,열정 열정 열정 .저도 산악회 다니지만 너무 리얼해요.,0,0
95,쨔로그JJALOG,한사랑 산악회 레전드는 이 2:00:24 열망을 외치게되는 미친택조,6,6
96,짐니쿄냐,진짜 힐링되요,10,10
97,O S_S,배용길사장이 진짜 최고임 하이퍼 하이퍼 하이퍼 리얼리즘ㅋㅋㅋㅋ진짜 천재적...,276,276
98,김김은지,"3시간 짜리 영상을 몇번째 보는지 몰긋네바도바도 잼남.틀어놓고 밥먹고,틀어놓고 청소하고내 삶의 일부",7,7
99,마티스,경이로워서 무료로 봐도 되나 싶다 ㄹㅇ ㄷㄷ,11,11
100,고요,쭈욱 보고 있는데 스토리가 장난아니야탄탄해 아주.,3,3
101,매운맛커리,솔까 티비엔같은데서 예전 롤러코스터처럼 코너하나만들어서 출연료엄청주고 써도 모자를 퀄인데 연기에 스토리에 캐릭터좋고 수입도 엄청많아져서 하고싶은 컨텐츠 많이 하셨으면,79,79
102,미남굴리트,열정.이.넘침니다.한사랑산악회회이팅.열정!열정!열정!,0,0
103,철용곽,전설의시작 43:40 감사합니다ㅋㅋㅋㅋㅋㅋ 가끔 킬링포인트 잇으면 혼자 쪼개고 ㅋㅋㅋㅋ 요즘은 그냥 이거 틀어놓고 이어폰 끼고 할일합니다. 너무좋네요ㅋㅋㅋㅋㅋㅋ,302,302
104,김진희,택조부회장님 산 물로 세수 할때 귀까지 파면서 씻는 모습 ㅋㅋㅋㅋㅋㅋ 진짜 웃겨요,9,9
105,LIM sooyeop,개그맨들인지 알았는데 연기를 진짜 제대로 해버리네...정말로 우리네 아버지들 보는것 같았어요.웃다가 울다가 재미있게 봤습니다.,14,14
106,jyong,이것보다 더 훌륭한 하이퍼리즘 코미디는 없다 ... (2시간짜리 밥도둑 감사합니다 ),0,0
107,아이유,택조 세수하면서 귀뒤 귀구멍 닥는거 완전 아재다ㅋㅋㅋ,3,3
108,모스코 고니스탄,후화 씨발 한국에서 보여줄수있는 최정상 고급 코메디. 천재적이다..,28,28
109,그녀,내가 코로나 시작하고 이렇게 크게 웃은적 첨이다 ㅎㅎㅎㅎㅎㅎㅎ 우리 개그의 미래가 이렇게 밝군요 젊은 개그맨들 진짜 최고다 ㅜㅜ,45,45
110,왕냐옹,자기전에  꼭 복습하고 자요 ㅎㅎ ㅎㅎ  넘 좋아,0,0
111,muss es sein? es muss sein!,영화 개봉했다해서 심야로 예매하고 보는중..카라멜 반 일반 반 L라지 사이즈에 콜라 M으로 집어먹기 딱 좋네요ㅎㅎ 너무 재밌어요,0,0
112,진미채,53:12 눈물이 앞을 가리네 ... .. 내 주인공들,123,123
113,Apple_애뽈,몇일째.. 한사랑산악회 본다고 잠을 못자.. ㅋㅋㅋㅋㅋㅋㅋㅋㅋ 친구들 만나서 이거아냐고햇더니 바로 열즈엉!열즈엉!열즈엉! 나옴ㅋㅋㅋㅋㅋㅋㅋ 산악회로 대동단결ㅋㅋㅋㅋㅋㅋㅋㅋㅋ 하 빠져서 나올수가 없다 정말 하 1일1산악회 열즈엉!,4,4
114,임정민,저이거 잘때마다 틀고 자장가마냥 들어요....짱...,1,1
115,00y,"대구 사람이 보기에 영남회장님 진짜 개ㅐㅐㅐ 미쳤음ㅋㅋㅋㅋㅋㅋㅋㅋㅋㅋㅋㅋㅋㅋㅋㅋㅋㅋㅋㅋㅋㅋㅋㅋㅋㅋㅋㅋㅋㅋㅋㅋㅋㅋㅋ발음, 단어, 소품 진짜 왼벽",1.2천,1200
116,진미채,진짜 매력적인 택조.....,4,4
117,육식다람쥐,1:10:09 산딸기 먹는 입모양이 넘 귀요워요 아부짘ㅋㅋㅋㅋㅋㅋㅋㅋㅋㅋㅋㅋㅋㅋㅋ,9,9
118,긍둉이,3:08:10 아 최애다진짜 ㅋㅋㅋㅋㅋㅋㅋㅋㅋ,135,135
119,서영,감사했습니다 정말 많이 웃었어요 앞으로도 더더 잘되길 바랄게요,1,1
120,gan_ddhi TV 간띠TV,열정열정열정!!,3,3
121,白い恋人,너무웃겨오우리딸이 보라고 해서보는데  동창 머슴아들 모습 그대로 입니다  주책맞은 아저씨들 특징 넘 웃겨요 ㅋㅋㅋㅋㅋ,686,686
122,겨언,"드디어 다 봤어요,,,정말 감격스럽네요",1,1
123,Kim Dahee,캐나다에서 십년째 살고 있는데 한국에 계시는 아빠가 생각나서 계속 보게되네요 ㅎㅎㅎㅎ,1,1
124,nwjhj44,어르신들 춘천도 한번 와주세요.,0,0
125,타로버블티,34:23  최애파트 ㅋㅋㅋㅋㅋㅋㅋㅋㅋㅋㅋ,243,243
126,Shine,이택조 캐릭터 대박이다~!! ㅋㅋㅋ,6,6
127,미소천사위긴스,한편씩 볼때 진짜 재밌었는데 연속으로 보니까 너무 지쳐버리네 . 진짜 옆에서 아재들이 3시간 넘게 떠들고 있는 미친 현장감 ㅋㅋㅋㅋㅋㅋ,78,78
128,바른생각,택조형이 아재 완성도와 디테일 최고다 ㅋㅋㅋㅋㅋㅋㅋㅋㅋㅋㅋ아 원래 아재인건가? ㅋㅋㅋㅋ,13,13
129,거기누구없소,와 3시간짜리라니. 너무 행복해,4,4
130,Ca Co,분위기는 증말 체고임,0,0
131,짜장,아 미치겠네 ㅋㅋㅋㅋㅋㅋㅋㅋ 매일아침에 혼자 앞산에가는데 진심으로 산악회 가입해야하나이거 ㅋㅋㅋ아웃기래이 ㅋㅋㅋ 챙츈!! 증지!!! 인섕!!! 아 미친다진짜 이택조 ㅋㅋㅋㅋㅋㅋㅋㅋㅋ 회장도웃기고 ㅋㅋㅋㅋ 코 푸는거 ㅋㅋㅋ 아 진짜 너무조타조아,2,2
132,hoseul,사랑합니다~,2,2
133,효재TV,"광용쌤, 조용한 디테일 진짜 최고다. 진짜 연기 넘 잘해♡그와중에,,, 택조아저씨,,,,,진짜 너무 심하게 아저씨다,,,정말 그대들 쵝오!!!!!",29,29
134,Cherrycherry,우리 베이비붐 세대를 잘 묘사해 주셔서 감사합니다.,36,36
135,뚜껑열려,오늘 처음 봤어요. 한편의 영화네! 영화야! 다들 대단.. 이렇게 훌륭한 인재들인데 유튜브에서 보는게 왠지 짠하네.. 다들 화이팅!최고!,6,6
136,메골,내 술친구.. 한사랑산악회.. 아조씨들 행복해줘요 제발,1,1
137,begoniaෆ⸒⸒,"저 손가락 하트 디테일은 진짜 대박이네ㅋㅋㅋㅋ 광용쌤은 머리스타일 부터 느릿한 걸음,손짓,말투까지.. 거의 접신하신듯",1,1
138,J.J,나도 요즘 이거 틀어놓고 잠죄책감.억울함.우울함이런거에 시달릴때괜찮다고 말해주는 아빠가 옆에 있는것 같아서혼자 사는데 의지하면서 잠들고 그래요,6,6
139,J MJ,항상 마음속에 새기며 살아가고 있습니다.그 무엇도 해내지 못 할것 하나 없다.열정 !열정!열정!,17,17
140,리리,아 진짜 가능하다면 이거 안 본 눈 사고싶다.. 아껴볼꺼야ㅠㅠ,0,0
141,rnarne,택조 세수할때마다 미치겠다 진짴ㅋㅋㅋㅋㅋㅋㅋㅋㅋㅋㅋㅋ,14,14
142,유대희,아재컨셉이라 너무 재밌음. 이 동생들인지 형님인지 연출 참 잘한다,1,1
143,ᄋ,55:25 와 연기 미쳤다 진짜...,749,749
144,Lake,2:53:03 아ㅠㅠ 영남회장님 너무 감칠맛 나서 웃겨요~~백만냥 천만냥을 줘도 못팝니다~,25,25
145,hailey,영남이 말투 계속 듣고 싶고택조 웃음소리 계속 듣고 싶고 용길이 콩굴리쉬 계속 듣고 싶고광용섐 들릴 듯 말듯한 위스퍼 미쳐뿌러,126,126
146,최성희,정신차리니 세시간째 이걸 계속 보고있네ㅋㅋㅋㅋㅋㅋㅋㅋㅋㅋㅋㅋㅋㅋㅋㅋㅋㅋㅋㅋㅋㅋㅋ 홀린듯이 계속 보고있어 미쳐 ㅠㅠㅠㅋㅋㅋㅋㅋㅋㅋㅋㅋ,79,79
147,조정희,화이팅하세요!!상쾌하고 멋지시네요!!,0,0
148,Dan kim,너무좋아 진짜,1,1
149,바소리,헐대박 계양산!!!!도 갔다오셔ㅆ네ㅜㅜㅜㅠㅠㅠㅠㅠ,1,1
150,Edwin,"계속 다시 찾아오게 되는 마성의 영상,,,",2,2
151,꼬꼬TV,8:32 34:18 이택조 전설의 시작,3.9천,3900
152,N 1,이 사람들이 진정 비대면 데이트 그 사람들이 맞는 건가.....다들 연기 너무 잘해.....,260,260
153,glam chae,이 사람들이 이게 컨셉인지 진짜 현실인지 구분이 안간다 찐 아재들이여...,65,65
154,entree82,몇차 정주행인가.. 날도 풀렸으니 어서 다시 산으로 가시오..,5,5
155,god messi,2000년대 잠들기전 나의 영상은 무한도전2021년 잠들기전 나의 영상은 한사랑산악회감사합니자.,6,6
156,김인규,몇일전에 우연찮게 한사랑산악회 보게됐는데 3일째 보는중 ㅋㅋㅋㅋㅋ 볼때마다 너무웃겨 취저 ㅋㅋㅋㅋㅋㅋㅋㅋㅋㅋㅋㅋㅋㅋㅋㅋ,0,0
157,o O,이런 3시간짜리 말도안되게 합본 영상 있는것까지 너무 산악회의 그것임..,21,21
158,혜민,힘내세요~화이팅입니다 ,0,0
159,S5e tap,개재밌어 미친 ㅋㅋㅋㅋㅋ 오늘 한사랑산악회 영상만 7시간 넘게봤다,4,4
160,끼토,5:19 8:12 30:41 3:13:12 3:23:00 ,3,3
161,ㅇ,회장님 하시는 말 되게 좋은 말들이에요 엄청 힘 내는중,10,10
162,배지기,정주행중인데 정말 재미지네요 ㅋㅋㅋ,3,3
163,류미,"계단은높이있던,낮게 있던. 다같은역활을 하는거야! 위치가 뭐 중요해~? 그자리에서 최고의노력을 하면 되는거야!.... 참 명언이네요...순간 가슴에 와 닿는 말이었습니다! (2:08:19)피식대학 여러분도 늘 같은자리에서 빛나는 하나하나의 계단이 되어주세요!!",134,134
164,양미리,한사랑 산악회 가입할수 없을까요???!!!당장 가입하고 싶습니당!!!^^^^^ 모든 취미 영상 다 미루고 한사랑만 계속 보고 있슴돠!!! 출쳌 할거 같아용!!!,1,1
165,유승희,택조횽님 넘모 사랑스러워여,2,2
166,칠복이누나,ㅋㅋㅋㅋ 연두색티 회원님 조용한데 디테일 장난 아님 넘 좋아♡,4,4
167,BS F,단순히 상황극을 넘어서 이분들이 살아온 삶의 교훈들 을.... 앜ㅋㅋㅋㅋㅋ 저게뭐야 미쳤네 ㅋㅋㅋㅋㅋ,18,18
168,풍선초록,택조아재 눈 한 번 깜빡안하고 쳐다보는거 아무리봐도 너무 웃겨.나라면 연기라도 내가 웃겨서 뒹굴듯.,0,0
169,우리엄마 욕은 해도 되는데 내욕은 하지마라,3시간 반동안 진짜 영화한편본것 처럼 정주행했다 단 한순간도 지루한적이없네 ㅋㅋㅋㅋ,20,20
170,희동,하 진짜 아조씨들 귀엽누ㅜㅜㅜㅜㅜ,2,2
171,묵공대사,각각 갱성파트가 하나씩 있어서 좋아,0,0
172,슬라임,"우리집앞인데 한번만.더 와줘요 어르신들,,",0,0
173,연동용,한편한편이 레전드다 ㅋㅋㅋㅋ,14,14
174,"코뭉두 TV ,cockatoo's HomeTV",아 이거 왜 보나 했는데 대박이예요 ㅋㅋㅋ 와 완전 울다싶이 해서 웃었어요 ㅋㅋㅋㅋ,0,0
175,셔셔,택조 영남️️️광용️용길🇺🇸‍️‍,312,312
176,superYD,김영남회장님 딱 내 해군훈련소때 소대장스탈...,11,11
177,ᄀᄉᄒ,이거 시트콤 같이 계속 생각나네존잼. 이래서 인기 있었구만 ㅋㅋ,0,0
178,pumkin sweet potato,와 이택조 기가맥힌다,3,3
179,Sujin,1:48:00   스냅으로 케이스 닫고 받는거 진심 우리아빠...ㅋㅋㅋㅋㅋㅋ,1.8천,1800
180,Juhyell,이 드라마 너무 재밌어 최고야 짜릿해 택조 내 최애,0,0
181,파금붕어,46:49  택조님 용길아재 애착인형 같아요ㅋㅋ 졸귀,2천,2000
182,해은스럽게,몰랐능데 점점 광용아저씨의 매력에 빠진닼ㅋㅋㅋㅋㅋㅋㅋㅋㅋㅋㅋㅋㅋㅋㅋ,1,1
183,ᄎᄒ,정주행하니까 초반 편들 보면...택조아재 말투가 다르네요!!! 경상도 사투리 쓰려하지만 약간 애매한...!! ㅋㅋㅋㅋㅋ 몇 편 거듭되면서 사투리 없이도 충분히 버럭할 수 있다는  걸 알게되고 정착했나봄,1,1
184,Mattia Beck,34:17 택조 아재 약수터에서 씻는 자세와 손터는 디테일ㅋㅋㅋ 완전 똑같아 볼때마다 현웃터짐ㅋㅋㅋㅋ,16,16
185,바나나나나,한사랑산악회 보고 아빠와의 갈등이 적어지기 시작했어요 감사합니다,1,1
186,efew wefef,씨바 광대들은 진짜 예술가가 맞구나;;아 코메디언들 배우 맞지 이렇게 말로는 했는데이 사람들이 아티스트라는게 이렇게 팍 와닿은건 첨이다,526,526
187,Joseph Levitt,어벤져스 엔드게임급 러닝타임이네 ㄷㄷㄷㄷ ,321,321
188,이 슬 (Yisl),다들 각자 본인 아버지들 흉내내시는거 같아서 재밌고 귀엽네요 ㅎㅎㅎㅎ,98,98
189,지윤박,너무웃겨서 피식대 밤새도록 보다가 피식대 티셔츠도 검색하고 ㅋㅋㅋㅋ 실제로 산을 트레킹하는 트레커입니다~~^^ 제주도에도 한번 와주세요^^♡,0,0
190,년정,한사랑 산악회 입회 패키지 재판매 일정 없나요?,1,1
191,낭낭앙낭,내힐링영상입니다 진짜로 ㅋㅋㅋㅋㅋㅋ아재감성 너무 재밌엌ㅋㅋㅋㅋ연기가 다들 배우이상이에요 ㅠㅠ,0,0
192,Lake,2:54:27 아 왜이렇게 마음이 애리냐,28,28
193,pp,한사랑산악회가 세상에서 제일 따숩게 웃김,166,166
194,다비드용,진짜 미친것 같아요..나 등산 절대안가는데 막 가고싶네,1,1
195,라떼Lee여사,ㅋㄷㅋㄷ남편믿음갖게 해달라고 기도하는 서집사님ㅠㅠㅋㅋ 빵 터졌어요~~,2,2
196,두시어부_시즌7'far away~',ㅎㅎㅎ이거 왜이래 웃겨요?한사랑산악회 모두 폭풍소변 보도록 기도할께요항상 안산즐산하세요~~~~,3,3
197,지해,너무웃겨요 대박우울했는데 기분너무좋아졌어요감사합니다^^,0,0
198,뽀뽀보틀,이거틀어놓구자면 개꿀잠ㅜ,3,3
199,너굴희,난 택조아재 시끌시끌하면서 정이 있어서 너무좋다...ㅋㅋㅋ,32,32
200,중랑구조커,55:26 ㅋㅋㅋ 일로와봐 하면서 울먹거리는거에서  빵터졌네 디테일  미쳤다,18,18
201,김예훈,보면 볼수록 카메라맨이 ㅈㄴ 센스있네ㅋㅋ,539,539
202,로켓맨,아 택죠부회장님 때문에 웃다 기침까지 해버렸넼ㅋㅋㅋㅋㅋ,2,2
203,jj,41:36 부터 아저씨들 싸울 때 웃겨 죽는 줄 ㅠㅠㅠㅠㅠㅠㅋㅋㅋㅋㅋㅋㅋㅋㅋㅋ백숙집까지ㅋㅋㅋㅋㅋ너무 웃어서 눈물남.,2,2
204,진미채,1:18:09 택조 표정ㅋㅋㅋㅋㅋㅋㅋㅌㅌㅋㅋㅋㅋㅋㅋㅋㅋㅋㅋㅋㅋㅋㅋ우쭐한 입술에 윙크ㅋㅋㅋㅋㅋㅋㅋㅋㅋㅋㅋ택조의 인생은 스펙타클ㅋㅋㅋㅋㅋㅋㅋㅋ,2,2
205,바바,진심 당신들이 잘됬으면 좋겠다.당신들은 천재다.,67,67
206,김인아,02:08:18 영남회장의 인생명언 이부분 찾으려고 봤다가 걍 재밌어서 다봄,438,438
207,lars Jung,30:40 총결산 통틀어 이게 제일 찰짐,65,65
208,김뫄뫄,이걸 하루만에 다 볼 줄은 상상도 못했다...,3,3
209,sueyoung park,한사랑 산악회 스릴러 버젼도 재밌있을거 같다...여름철 리미티드,1,1
210,소히,행복한다 뭔가.. 이상하게 힐링이야 어렸을 때 엄마 따라 산 올라간 느낌이고 아니 피식대학 뭐야 근데 다 웃곀'ㅋㅋㅋㅋㅋㅋㅋ,4,4
211,지성빠레오오,1:44:08 진짜 개레전드다ㄷㄷ,872,872
212,이지훈,광용쌤진짜너무웃기시다 ㅋㅋㅋ,0,0
213,I was Loved,이거 진짜 다큐에요 우리네 아버님들 ㅜㅜㅜㅜ,6,6
214,W,아조시들 보고싶읍니다,2,2
215,차려라좀정신,우와..53:00 순풍 박영규 고상순 에피소드를 여기에 녹이네ㄷㄷㄷ,10,10
216,Y.J,천재들^^왜  피식을 지금 알았는지 ㅋ짱!,2,2
217,chelsea님,34분  택조아저씨 세수하는겈ㅋㅋㅋㅋㅋㅋㅋㅋㅋㅋㅋㅋㅋ 진짜 하이퍼리얼리즘 아님니꽠ㅋㅋㅋㅋㅋㅋㅋㅋㅋㅋㅋㅋㅋㅋㅋㅋㅋㅋㅋㅋㅋㅋㅋㅋㅋㅋㅋㅋㅋㅋㅋㅋㅋㅋㅋㅋㅋㅋㅋㅋㅋㅋㅋㅋㅋㅋㅋㅋㅋㅋㅋㅋㅋㅋㅋㅋㅋㅋㅋㅋㅋㅋㅋㅋㅋㅋㅋㅋㅋㅋㅋㅋㅋ회사에서 몰래 보다가 터져서 책상 밑으로 볼펜 주으러 한참 내려가있었넼ㅋㅋㅋㅋㅋㅋㅋㅋㅋㅋㅋㅋㅋㅋㅋㅋㅋㅋㅋㅋㅋㅋㅋㅋㅋㅋㅋㅋㅋㅋㅋㅋㅋㅋㅋㅋㅋㅋㅋㅋㅋㅋㅋㅋㅋ,32,32
218,츠츳,1:15:26 광용쌤 개귀엽다 진짴ㅋㅋㅋㅋㅋㅋㅋㅋㅋㅋㅋㅋㅋㅋㅋㅋㅋㅋㅋㅋㅋㅋㅋㅋㅋㅋㅋㅋㅋㅋㅋㅋㅋㅋㅋㅋㅋㅋㅋㅋㅋㅋㅋㅋㅋㅋㅋㅋㅋㅋㅋㅋㅌㅋㅋㅋ,10,10
219,R A,택조귀여워,1,1
220,음소거,오랜만에 정주행 하면 개추,1,1
221,XDvier,첫화보니까 광용쌤 뱃살이 지금 얼마나 더 듬직해진것인지 바로 알수 있네요 ㅋㅋㅋㅋㅋ,1,1
222,나는나,우리 친정아부지 산악회는 일년에 한번 산에 가는데 모이는건 매월 모이심.,1,1
223,붕어삥,26:16 광용쌤 진짜 개웃겨요ㅠ,838,838
224,배지_jji,중독된다....,0,0
225,수빙,아 ㅋㅋㅋㅋㅋ이 아저씨들 너무 좋아,1,1
226,bocksiri,"요즘 asmr말고 이거 틀어놓고 잠, 딴 생각으로 안 빠져서 잡생각 안 들고 잠 잘 옴,,ㅋㅋ",3,3
227,KaN KaN,대단!!!!! 아무튼 길다,0,0
228,왕우,2:52:01 절단났다 이거 진짜 울 할머니만 쓰시는줄 알았는데 개친근하다 ㄹㅇ,9,9
229,secret꽃,이 산악회의 탄생비화와 멤버들과의 관계성이 너무 궁금해짐,45,45
230,정말 좋은 사람,와.. 진짜 어떻게 이걸 하면서 안웃지? 개그맨 아무나 하는거아닌가 봅니다 존경합니데이 ㅋㅋㅋㅋㅋㅋㅋㅋㅋㅋㅋ,1,1
231,이자성,아니 이거 명작이네 하...머니 이걸 시간 가는줄 모르고 보고있네,1,1
232,편정화,난 용길이 넘나 좋아  사람이 넘나 세련됐음 ️,0,0
233,구슬빈,진짜 천재다 보는내내 이야 이걸? 하면서봄 내마음의 이너피스,1,1
234,Semi Lee Seitz,어렸을 때 할머니가 왜 전원일기를 챙겨보는지 이해가 안됐는데. 한사랑산악회를 챙겨보게 되었다. 이제야 할머니가 이해가 간다.,1,1
235,PALETTE,51:06 앜ㅋㅋㅋㅋㅋ식탐 많은 광용샘 봐도봐도 웃김ㅋㅋㅋㅋㅋㅋ산악회 먹으러 나오시는거 100%ㅋㅋㅋ 집에서 눈치보이는 빵 과자 초코 달다구리들 허버허버 먹고.. 일단 뭐든 손에 집히는건 와구와아아앙 드심,282,282
236,J Sunny,아빠랑 유투브 재밌게 보고있어요. 최고최고최고,0,0
237,차로v,광용샘 너무 귀여워요..,0,0
238,룰루릴리,2:59:52 미쳤다는 너무 신세대 용어 아닌가요 ㅋㅋㅋㅋㅋ 보면 택조아찌는 가끔 현실모먼트 있음 ㅋㅋㅋ,11,11
239,여명의 눈동자,해장님이 싸모님 이름으로 불러주는거 쏘스위트~,1,1
240,육식하다걸린판다,아침부터 트로트 틀어제끼는것도 찐,0,0
241,GOD구,3:00:15 솔직히 한사랑산악회 역대급으로 현웃오지게터짐ㅋㅋㅋ,420,420
242,진미채,1:00:16 이게 리얼 트로트야 택조 트로트,1,1
243,이세영,32:01 여기부터 왤케 감동이냐...용길씨 ㅠ,14,14
244,부미,50:20 삼계탕집 주인아저씨 진짜 싸우는 줄 알고 왔다가 촬영인거 알고 돌아가시네 ㅋㅋㅋ,1.4천,1400
245,khj,박셰~리 차범그이~ 진짜 미쳤다 ㅠㅠ,0,0
246,잉찌뷰,택조아재 처음에는 되도않는 사투리했네..지금이 젤 좋습니다 택조님,7,7
247,진룬민,10:47  ㅋㅋㅋㅋㅋㅋㅋㅋㅋㅋㅋㅋㅋㅋㅋㅋㅋㅋㅋㅋㅋㅋㅋㅋㅋㅋㅋㅋㅋㅋㅋㅋㅋㅋㅋㅋㅋㅋㅋㅋㅋㅋㅋㄹㅇ 택조아재 연기력 도랐네 ㅋㅋㅋㅋㅋㅋㅋㅋㅋㅋㅋ,2.6천,2600
248,CatSsue,15:58 광용샘 뒤에서 커어커어 잠... 참아재 귀여우셔...,11,11
249,김뚜꾸,이영상은 어차피 1000만 넘는다.왜냐면 계속봐도 재밌기때문이다,2,2
250,Joanna,i wish there was eng subs,9,9
251,강샤론,한때 빵강 초록 등산복 붐이었는데우리 아버지들은 여태 그걸 입고계시네요~,0,0
252,단또,진짜 졸라 재밌네 시간 가는줄 모르겠다,2,2
253,해나,호주에서 격리하는동안 하루종일 한사랑산악회만 봤더니 제 말투도 택조화 되버렸습니다 책임지십시오,34,34
254,heejini love,대박  ~~!! 너무리얼해  정말 연기 잘하십니다~!!!^^,1,1
255,킹콩,명작이다 진심으로,5,5
256,esteem kan,영남회장 말투 기가막히게 리얼하네요. 배꼽잡고 웃었네요. ~~  응원합니다~~ㅋㅋ,1,1
257,Joonik Kang,스토리라인이 가벼우먼서도 재밌네,1,1
258,크케잌,레알 이게 무슨 컨텐츠인지 유튜브의 새로운 인간극장 비지엠 뺀 인간극장이다 ㅋㅋㅋㅋㅋㅋㅋㅋ 아니 나는 왜 이걸 계속 보고 있는것인가??,1,1
259,수진,근데 진짜 구라 안 치고 내가 어렸을 때 아빠 동창회랑 이것 저것 따라다녀 봐서 아는데 ㄹㅇ로 똑같음 저기서 좀만 더 이상한데에 고집있으면 환상적,6.5천,6500
260,람매의하루,진짜 디테일 쩐다 ㅋㅋㅋㅋㅋㅋㅋ,1,1
261,김인진,아 진짜 너무 웃기네요 ㅋㅋㅋㅋㅋㅋ 요즘 이거때문에 현웃터집니다. 한방 치고 싶네 진짜 웃깁니다 ㅋㅋㅋㅋ,4,4
262,은초보 Eunnoob,서로 산에서 사진 찍어줄때 폰카인데 줌으로 땡기고 막 화면 흔들리는거 찐이네요..ㅋㅋㅋ 우리 아빠인줄...ㅋㅋ 아빠들에게 줌 중요하죠 ㅋㅋㅋㅋㅋ기절ㅋㅋㅋㅋㅋㅋㅋㅋㅋ,4,4
263,레이다나의 겜방,나는 진짜 더도말고 딱 1화가 제일 최고였음ㅋㅋㅋㅋ 그 하트는 진짜 허파 디집어짐,0,0
264,김루이의 터래기,3:08:06 아 진짜 너무 웃기네 ㅋㅋㅋㅋㅋㅋ빵으로 뭐만들고 있냐고 한거에서 개터짐,11,11
265,흐구먼,1:00:15월요일은 원래 술마시는날화요일은 화나서 마시는 날수요일은 수수하게 마시는 날 목요일은 목빠지게 마시는 날 금요일은 금방 만나 마시는 날토요일은 토하면서 마시는 날일요일은 일안해서 마시는 날,1.7천,1700
266,nanaun 나나윤,3-4일 몇 일에 걸쳐 보고 있는 난 뭐지씻을때도 볼륨 최대로 틀고 밥 먹을때도,2,2
267,유난히,인간극장 팬인데 잘보고있어요,0,0
268,행복만땅,이호창씨 너무 좋아,1,1
269,스트로베리,감사합니다 피식대학덕분에오랜만에울면서웃었습니다ㅜㅜ ㅋㅋㅋ ㅋㅋㅋㅋ,1,1
270,나짱호,아니 계양산 간거 왜캐 감동이여 나도 갈걸 그랬어 나도 오이챙기고 열정 넘칠수있는데 에그..꽃기 함 머그러 가야지,1,1
271,나다라,1:40:38 택조형님 휴대폰 케이스 탁탁하는거 왤케 간지냐,802,802
272,_ Hoyeun,55:03 걷는 뒷모습까지 존나 완벽. ㅋㅋㅋㅋㅋ 와,2,2
273,너의 이름은🎗️,택조 얘기 넘 슬프네. 어제가 제일 힘든 줄 알았는데 오늘이 더 힘들더라. 내일은 두렵다는 말이 참 슬프지만 공감 되고 그러네요.,4,4
274,코디제니Your Co-designer,아니 피식대학 이름을 너무 잘 지은게 요즘 아저씨들 대화나 갑자기 훅들어오는 아재개그 들으면 저도 모르게 내적피식 하고잇어요 ㅠㅠㅋㅋㅋㅋㅋㅋㅋㅋㅋㅋ,4,4
275,쏘루쏘루,중간중간 너무 리얼해서 놀랜다 진짜ㅋㅋㅋㅋ,10,10
276,헤헷얌,열정!열정!!열정!!!,1,1
277,젠틀리,난 택조아재가 젤 맘아파..ㅜㅜ 딸가진 아빠라 그런가. 맘도 여리고,491,491
278,Dogun Lee,와 개그맨들 관찰력 오지는구나 진짜,1,1
279,개뚠이,피식대학 사랑해여 요즘 삶의 낙 ㅋㅋㅋㅋㅋㅋ 보느라 밤샘 인스타도 해주세요,0,0
280,임태순,열정 열정 열정!!,1,1
281,beagle71,RM이 다닌 등산코스랑 같은거 같아요~ One Love Mountain 렛츠기릿~!  봄되면 가봐야 겠어요~열정 열정 열정,0,0
282,김동겸,1:07:14 이거 왜 아무도 언급 안해줘ㅠㅠ 내 최애인데ㅋㅋㅋㅋㅋㅋㅋㅋㅋㅋㅋㅋㅋㅋㅋㅋㅋ케케,1.9천,1900
283,Free sia,아  너무 웃겨 ㅋㅋㅋㅋㅋ처음엔 연기를 뭐 저렇게 능글맞게 잘하나 하면서 봤는데 이젠 그냥 산악회 아재들 몰래 훔쳐보는 거 같고 ㅋㅋㅋㅋㅋㅋㅋ 옛날 무도에서 했던 무한상사 감성도 느껴지고 너무 좋음ㅠㅠ 유튭의 순기능이다 정말ㅋㅋㅋ 건강하시고 적게 일하시고 많이 버세요~열정열정열정!!!,155,155
284,ㅇㅇ,전설의 시작..,1,1
285,espoo,배용길 개좋아 개멋있어 배용길 아저씨 짱,0,0
286,이경화,진짜 다 어디선가 들어본 아재들이 한말들,2,2
287,메가테크,4명의 완벽캐미 ㅋㅋㅋㅋㅋㅋㅋㅋ 평범한 일상이지만 특별한 경험 ㅋ,9,9
288,귀찮,한사랑 산악회 테마곡이 뭐예요?그 하모니카인지 암튼 중간중간 나오는 곡 있잖아요 너무 맘이 편해지거든요 알고싶어요 너무 좋아요 맘이 노곤노곤해지며 다 용서할 수 있을것 같은 느낌이 들어요,65,65
289,Amber Park,광요이 아재가 자꾸 눈에 밟혀서 생각해보니 저 연두 등산복 우리 아빠한테 비슷한거 있는 것 같음 ㅋㅋㅋㅋㅋㅋㅋㅋㅋ 게다가 우리가족 친척 아재들 다 느릿느릿하이 약간 마이웨이끼도 있어서 뭔가 더 익숙한 너낌,42,42
290,여니여니,광용쌤 아프지마세요,6,6
291,조제,25:20 ㅋㅋㅋㅋㅋ 춤 너무 잘춰,360,360
292,마리,아따 마 이게 감성이지 요즘아들 인스타뭐시기한다고하던데 이런게 감성아이겠슴니꺼 허허..! 모자쓰신분 열정!열정!열정!! 잘 보고갑니다 와이프한테 쫒겨났는데 제가 다 힘이납니다ㅋ 나중에 막걸리 들고가겠습니다 집이 요 근처입니다.     열정~~~!,2,2
293,치즈,와 진짜 울아빠같아... .. ....진짜 충격적이다 아빠들 다 이런가 어떻게 이렇게 똑같을 수가.... 특히 이박사....,62,62
294,이태정,2:13:49 에 나오는 노래? 좀 알려주세요..ㅠㅠㅠ 제발..ㅜㅜㅠㅜ,1,1
295,두부사랑,택조 빌드 레전드 1:08:05,157,157
296,Babytochy,1:40:21 부터ㅋㅋㅋㅋㅋ이택조아재 휴대폰 커버 펄럭 거리는거 디테일ㅋㅋㅋㅋㅋㅋㅋ 주변 어른들 중에 말씀하시는데 저런 분 계심 진짜 이택조 아재.. the love.. 저렇게 펄럭 거리면서 강조하는 말할땤,1,1
297,맞말,2:08:12 명언 시작,48,48
298,두두둥,1:00:05 술마시는 날 by택조1:44:08 야마1:50:27 기호2번3:10:37 광용아!!!!!!!!!!!!!!!!!먹으면 안돼!!!!!!!!!3:14:24 택조sns사진찍기3:22:13 추석러버택조(with 새뱃돈)3:22:31 병풍 뒤 택조3:13:04 광용이 부르기1 어!어!어!!!3:22:55 광용이 부르기2 어!어!어!!!!3:23:20 채광아래 영남 사진찍어주는 쩍벌택조,8,8
299,익명,간만에 한사랑산악회 정주행하고 있는데요...자꾸 영남회장님 말하시는거 들을때마다 위화감이 느껴져서 보면서 뭐지뭐지 하고 있었는데우리 교수님 말투랑 말도 안되게 똑같아서 그런거였음 60대 경상도인... 진짜 자각하자마자 소름ㅋㅋㅋㅋㅋㅋㅋㅋㅋㅋㅋㅋ,1,1
300,유안나,3:09 ㄹㅇ 소름 돋는다 잠 다깸 얼마전에 우리 아빠가 한말임;; ㅎㄷㄷ,4,4
301,최진,우리아빠 산 갈때마다 저렇게 놀고 있었구나...산갈때 프리타임좀 챙겨드려야겟다 친구분들이랑 나눠드시라고......,28,28
302,찬스맨ChanceMan,"BTS세계관, 애니세계관보다 한사랑 산악회 세계관이 더 좋아",5,5
303,와캬퍄,1:17:00 연기 미쳤다 진짜 ㅋㅋㅋㅋ,12,12
304,많이먹어잼민아,와 우리집앞 대모산ㅠㅠ,0,0
305,JK L,"아차산도 가주세요높이는 300메다로 높지 않지만 날씨 좋은 날에는 올라가면 한강과 롯데월드 타와, 광장동 와카-힐이 보여 뷰가 좋습니다 ^ㅇ^",1,1
306,B.E B.T.S,Waiting for Eng lish Sub ,9,9
307,강꽃송이,한사랑 덕에 우울한 요즘 힘이되요ㅠㅠ 정말 너무 힘든데 힘이나요ㅠ,19,19
308,유튜브보는계정,저기서 이제 애기한명 따라다니면 완벽,0,0
309,이정은,진짜 피식 웃게 만드는. 너무 웃겨요,1,1
310,쥬우니,ㅋㅋㅋ 아 우리집 이 근천데 자주 갈걸 ㅠㅠㅠ,0,0
311,김대규,처음에 사진 찍을 때 손 진짜ㅋㅋㅋㅋㅋㅋㅋㅋ 내 하루 웃음포인트다 진짜ㅋㅋㅋㅋㅋㅋㅋㅋ,4,4
312,맞춤법 빌런,1:33:35 연예인들 성 안붙이고 이름만 부르는거 국룰ㅋㅋㅋㅋㅋ울 아빠는 강호동씨 보고 맨날 호동이 많이 컸다그러고 엄마는 이영자씨보고 영자는 피부 좋다함ㅋㅋㅋㅋㅋ,317,317
313,요스케,봐도봐도 질리지않는다,21,21
314,신꿀이,18:41 택도없다 이부분 왜캐 자연스럽냨ㅋㅋㅋㅋㅋㅋㅋ,21,21
315,정유진,실없는 농담하고 자기가 더 크게 웃는거 너무 찐이라고ㅠㅠㅋㅋㅋㅋㅋ넘웃곀ㅋㅋㅋㅋㅋㅋㅋㅋㅋ,20,20
316,예몽이,디테일이 장난없어요ㄷㄷㄷ 아저씨들이 젊은이분장한건가 싶을정도,0,0
317,Chi Yeong,1:19:21 이택조 연기 개웃기네 ㅈㄴ 잘한다,1,1
318,아무나 봐라,ㄹㅇ 택조햄 케이스 사고싶다,0,0
319,이도도도도,와씨 진짜 존똑 개리얼이네 어릴때 울아빠 모임 따라가면 김영남같은 아재들 많았는데ㅋㅋ,26,26
320,남Inh22,아 뭐해요 블렉야크 지원 들어와야지...!!!!!!!!!!진짜 내일부터 회사에서 열정열정 열정!!! 외칠거에요,1,1
321,James The commissioner Gordon,아 진짜 이거 존나 웃기네 진짜 ㅋㅋㅋㅋㅋㅋㅋㅋㅋㅋㅋㅋㅋㅋㅋㅋㅋㅋㅋㅋㅋㅋㅋㅋㅋㅋㅋㅋㅋㅋㅋㅋㅋ 마지막에 뭐 만들고 있어 ㅋㅋㅋㅋㅋㅋㅋㅋㅋㅋㅋㅋ 캐릭터 진짜 조합 쩐다. 천재들이다 이건,32,32
322,키티,아 세수할때 겁나 웃었네ㅋㅋㅋㅋㅋㅋㅋㅋ,4,4
323,뿅뿅,2:41 김치사인 돌리는거 우리 아빠랑 존똑이라서 터짐ㅠㅋㅋㅋㅋㅋㅋㅋㅋㅋㅋㅋㅋ,509,509
324,3년 전 • 26년 전 • 3시간 전,시작할때마다 포즈잡을때 다 재각각인거 준내 웃기넼ㅋㅋㅋㅋㅋㅋ,1,1
325,정성욱,진짜 이런 개그는 처음본다 웃겨서 생쨔증이 날려 그런다 감사합니다 피식대학,69,69
326,max,영남회장 하이텐션 쩐다 ㅋㅋㅋㅋ,0,0
327,S급루키,열정 열정 열정 따러서 할때 힘이 솟는다,1,1
328,애송이버섯,딸어이가.추천해줘서.재밌게.보고있읍니다...^^,0,0
329,Poco_Salon뽀꼬살롱,3:08 우와..어른들이랑 저기가면 꼭 이얘기한번씩나오던데 ㅋㅋㅋ진짜현실적이네요,1,1
330,거위위,1:08:53 https://youtu.be/MUuNDb-nm5M이거 진짜 좋아여 ㅠㅠㅠ 개띵곡을 아시다니 역시..!!들으시는 김에 Eric Clapton - Tears in heaven 도 들어보세여!!,1,1
331,Seol Paek,와 용길이 진짜 교포 아재같애 ㅋㅋㅋㅋㅋㅋㅋㅋㅋㅋㅋ,186,186
332,Bag Hog,나는 인트로 노래 좋아서 미치겠다 중간에 부산항구도 퓌퓌 ,4,4
333,진미채,1:10:24 폭죽을 연상캐 하는 폭발적인 분수쇼,6,6
334,lana,진짜 어렸을때 아빠따라 모임 많이 갔었는데개 똑같음ㅋㅋㅋㅋㅋㅋ 졸라 특유의 아저씨들 냄새 나면서 구수한 말들 듣다보면 내용도 웃겨 ㅋㅋㄱ,1,1
335,진미채,1:40:08 택조 말투ㅋㅋㅋㅋㅋㅋㅋㅋㅋㅋ아따 좋아,5,5
336,내가니 누나라니!!,열정!열정!열정!,0,0
337,김풍성,2:58:30 이 분도 연기 진짜 잘하심 ㅋㅋㅋㅋ,400,400
338,캐리왕,아 주체할 수 없는 이 디테일...ㅋㅋㅋ,0,0
339,해소,54:37 내 눈물 포인트,4,4
340,땅콩,아진짴 양재역 근처에서 카페알바하는데 등산하시고 오시는 아재들이나 술취한 아재들 엄청 오시는데 너무 비슷해욬ㄱㅋㄱㅋ큐큨,0,0
341,Sally's,민수씨. 넘 우껴요 진짜 ㅋㅋㅋㅋ ㅋㅋㅋㅋ허파 히떡 디집어 진다이~,1,1
342,Black Day,나는 왜 이영상을 틀어놓고 잠을 자는걸까...,4,4
343,동동,아재들 사이에 한명씩있는 허리나 다리아픈 말수적튼 아재랑 미국살다온 신사아재 섞여있는거 디테일 조지네 와 ㅋㅋㅋㅋㅋㅋㅋㅋㅋㅋㅋㅋㅋ,1.3천,1300
344,RK,"택조형님 명언하나 띄우셨네요 ""어제가 제일 힘든줄 알았더니 오늘이 제일 힘들어. 내일은 겁이나"" 크",2,2
345,suk kim,개그맨분들은 연기도 잘하는구나!,2,2
346,Hyunhee Kim,남준이한테 또 고맙네 이런걸 내가 보다니~~!!진짜 공감능력  열정 ~!!  이거보면서  우울증 달랬네요 ㅜㅜ 엄마한테 빌린돈인데  이제갚는다고 전해줘라 하셨던  동네 아저씨  아줌마 생각도 납니다.  그거 제가 중간에서 제가 쓰고 드리기도했고 삥땅 치기도 하고  그땐 1.2만원도 큰돈이라~,38,38
347,고구마호박,택조아저씨 세수하는 거 개웃기네 진짜 ㅋㅋㅋㅋㅋㅋㅋㅋㅋㅋㅋㅋㅋㅋㅋㅋㅋ 우리 아빠인줄,14,14
348,아무,05학번 이즈 백으로 ㅈㄴ 폭격받다가 한사랑산악회로 힐링함,0,0
349,Daddy YOON,아 진짜 드라마 같아서 무료할 때 보면 꿀잼이네,23,23
350,77 7,나만 울었어..? 시도때도 없이 눈물 나노.. 울리는 포인트들이 있어 ㅋㅋㅋ .. 아 증말 웃으려 왔는데 울고 가네 ㅎㅎ 물론 웃었어요!!,1,1
351,Chocoboo,이게 뭐라고 난 일도안하고 보고있지 개재밌네,1,1
352,100종원,그립읍니다..,1,1
353,All do,무한도전의 무한상사편 만큼 너무 재밌어요 ㅠㅠㅠㅠㅠㅠㅠㅠㅠㅠㅠㅠㅠㅠㅠㅠㅠㅠㅠㅠㅠㅠㅠㅠㅠㅠㅠㅠㅠㅠㅠ,35,35
354,5씨엔,1:05:47 설마 오른쪽에 계신분이 진짜 정 광용 선생님이신가....ㄷㄷ,1,1
355,위제트 WEZT ONE,한국코메디 하이퍼리얼리즘의 시작,2.1천,2100
356,혼모노,3시간 넘는 영상이라 지레겁먹고 잠깐 보다 나갈생각으로 들어왔다가 다보고갑니다,5,5
357,Lake,2:56:16 택조아저씨 힘내요...,13,13
358,김민지,아ㅋㅋㅋㅋ이번에 첨봤는데 넘 재밌네요,0,0
359,신주쿠,3:00:16 달달하이 진짜개리얼하네,759,759
360,웃부,않이 이거 보니까 연관 으로 진짜 등산 아재분들 나오시네 ㅋㅋㅋㅋㅋ,4,4
361,황혜빈,여기 적어준 하이라이트만 봐도 다 본거임그 중에 택조 아재 34:27 이건 꼭 봐야함,23,23
362,ᄏᄏᄏ,다 실제로 본듯한것만 나오네요 그래서 더 잼나요ㅋㅋ,0,0
363,두리,"전엔 북한산 올라가다보면  승가사 란 절이 있지  당시엔 진흥왕 순수비가 북한산에 있어서  순수비 옆에서 많은 사람들이 사진을 찍었지 물론  칠공 세대인 나도 사진을 찍었지  세월이 덧없이 흘러가는구만   그래요 고등학교때 김신조 가 넘어왔지  옛날 추억을 생각하며 한국말 중에서 가장 슬픈말""안녕"" 을 생각하며 갈날을 기다리는데  눈도 침침하고   언덕을 걷다보면  숨도차고  많은 여성들을 힘들게 했던 나의 화려했던 학창시절도 생각이 나는구만.",1,1
364,도훈YouTube,맨날 잘때 들으면서 잠,2,2
365,Dustin KIM,38:42 이후에 발가락 양말 보고 진짜 기절햇습니다 ㅋㅋㅋㅋㅋㅋㅋㅋㅋ,0,0
366,Eric K,명작이다,0,0
367,minjun kim,"택조 아저씨 처음엔 말투 어색했는데 ㅋㅋㅋㅋㅋ점점 자연스러워,,,,",79,79
368,나는문제없어,아 전라도 사람인데 진짜 사투리빼곤 와닿는게 너무 많네요 이걸왜 이제 봣지 너무 웃긴데 슬프기도 하네요..,0,0
369,미밍,아 택조아저씨 울 이모부 그 자체 ㅋㅋㅋㅋㅋㅋㅋ 자기가 개그치고  제일크케 하아학핰카카 웃는거ㅋㅋ,36,36
370,벌어서냥주자,아껴보는중입니다!!가입 방법은 언제 알려주시죠???!!!!!,0,0
371,Pupu Jordy,"니키리 프로젝트 시리즈에 버금가는 예술야 ,, 놀라워",0,0
372,아침에사과,배용길씨 웃는게 이수만을 꼭 닮았네요 ^^,0,0
373,Choi ik hyun,진짜 피식대학은 디테일 존나 신경써서명작만듬ㅋㅋㅋ,90,90
374,Jaeyoung K,42:50  여기서부터 진짜 아저씨들 싸우는것같아서 빵터짐ㅋㅋㅋㅋㅋ 개웃겨ㅋㅋㅋ,41,41
375,기여운햄서터,43:48 택조땜에 각자 웃참 중 ㅋㅋㅋㅋㅋㅋㅋㅋㅋㅋㅋㅋㅋㅋ,3,3
376,로얄밀크티,광용아저씨가 진정한술꾼이다 크림빵에 꿀호떡에도 술을마시는진정한 꾼,0,0
377,낭낭앙낭,산악회 회원 다른분 한명더 영입해도 재밌겠다,1,1
378,찹쌀탕슉,개콘은 뭐했길래ㅡㅡ 이런 인재들을이제서야 만날 수 있게 한거지?,521,521
379,Hello MF,민수씨 이제 그냥 일상적인 말투조차 전두길 선생님이네 ㅋㅋㅋㅋㅋㅋ,45,45
380,은나,43:45 택조 웃통 dance 시작,98,98
381,Yujeong Choi,내가 이걸 왜 보고있는디 모르겠지만ㅋㅋㅋ멈출 수 없어..,19,19
382,비비큐지농,프리스타일 잘 봤읍니다~,1,1
383,이민영,순대 쌈장에 찍어먹으면 존맛탱인데....,1,1
384,마른고등어,38:54 와....발가락 양말 까지 완벽... 안보이는곳 소품까지...,0,0
385,vnvnq vn,한사랑 산안회 1회부터 팬이였는데 10:42 이 부분이 올 타임 넘버원 디테일콧구멍 막고 코풀고 말하다가 가래 끓는 소리 내는거,439,439
386,ILY,오늘 첨봐요 근데 배용길 아저씨는 진짜 아저씨 섭외하신거죠? 퀄리티 굉장한걸요?,1,1
387,지드,아부지들 겉은 자식 욕이지만 내용은 자랑인 부분 ㅋㅋㅋ 정말 현실고증 ㅋㅋㅋ,16,16
388,멀방,7:3020:2243:471:39:492:58:143:09:10,1,1
389,죽아저씨Uncle Zook,고양시 백석동에 진짜 엘비스라는 LP바가 있는데 디테일 미치겠다... ㅋㅋㅋㅋㅋㅋㅋㅋㅋㅋㅋㅋㅋㅋㅋ,0,0
390,A.K.A GEO,진짜 택조삼촌 너무 내삼촌이었으면 좋겠다,0,0
391,d.o_studio,와...세시간동안.. 저러는거보면 연기가아니다..실제로. 한사랑산악회가 분명해..,14,14
392,김인진,택조 아져씨 닭뜨거워서 탁탁 치는거 진짜 눈물 흘렸네요 ㅋㅋㅋ,9,9
393,노니염불,회장님=전한길쌤 ㅋㅋㅋㅋ열정열정열정!,0,0
394,봄날의 Crazy Bear._.sis.,택조 내 최애 ㅋㅋ,0,0
395,벼락장인[Lightning master],광용아저씨가 제일 귀여워♡♡♡귀여워 귀여워 전형적인 외유내강스타일,24,24
396,누룽이,48:34 열정도 없는겤ㅋㅋㅋㅋㅋㅋㅋㅋㅋㅋㅋㅋㅋㅋㅋㅋㅋㅋㅋㅋㅋㅋㅋㅋㅋㅋㅋㅋㅋㅋ,24,24
397,Camille,1:11:07 갠적으로 진짜 ㄹㅇ 현실고증,822,822
398,Messy Muse,처음엔 택조아저씨 캐릭터 잡아가느라 어색한 사투리 쓰는게 너무 웃김,3,3
399,Hyejin Cho,갱상도 아버지를 둔 딸로써 회장님이 진짜 레알 찐임 울 작은아빤줄,38,38
400,팩트,43:51 광용이 웃고나서 아픈척 연기ㅋㅋㅋㅋㅋㅋㅋㅋㅋㅋ,173,173
401,일기처럼읽기,아 진짜 정광용이 기여워죽겟네,4,4
402,Simon Baek,진짜 잘만들었네 ㅋㅋㅋㅋㅋ,3,3
403,MYUNG SUN뭉순임당,아 버스 4시간 타야하는데 감사합니다... 감사합니다...,42,42
404,KwangYoTerio,3시간 15초 갑분  킬링 포인트,1,1
405,짭짤한 설탕,1:58:46 스냅 쥑이네!,0,0
406,김은아,ㅋㅋㅋㅋ진짜 너뮤윳겨욬ㅋㅋㅋ큐ㅠㅠㅠ눈물나여 열망열망열망!!!,0,0
407,ari 1120,우연히 보다가 이 시간에 1시간째 보고 있음.,2,2
408,모어쌍,매일매일보러옵니다,0,0
409,N,이제 보니깐 택조아재 초반에 사투리캐였네ㅋㅋㅋㅋㅋ 서울촌놈 느낌이 좋음ㅋㅋㅋㅋ지금이 굳,24,24
410,류다혜,배우로 전향해서 연기해야되믄거 아닌가 ... 택조아저씨,0,0
411,Ciruelo,김 영남이는 묘하게 김홍파랑 김신영을 섞어 놓은것 같다 ㅋㅋㅋㅋㅋㅋㅋㅋㅋㅋㅋ,15,15
412,우주,우리 아빠가 5호선 종착역인데 택조아저씨랑 몸체가 또옥같네,1,1
413,Yellow 5,준며들다 보다가어찌 어찌 길은지 보다가결국 여기까지왔는데이사람들 뭐가 이렇게닭살돋고 민망스러우면서재밌지?본인들 끼 다풀고사는이냥반들이 참 부럽다♡,0,0
414,N p,우와 진짜 일반인 산악대 아저씨들인줄ㅋㅋㅋㅋㅋㅋㅋㅋㅋㅋ,2,2
415,김씨,아니 스토리 왜캐 탄탄해요;; ㅋㅋㅋㅋㅋ 댓글에 있는 웃긴장면만 보다가 그냥 처음부터 봤는데 지금 2시간 17분 돌파했습니다....,62,62
416,김혀니,회장: 광용이 어뎄는거야?이택조:어이!! 어이!!와ㅋㅋㅋㅋ미친 연기ㅋㅋ개웃겨ㅋㅋ,0,0
417,ㅇㅅㅇ,3:00:25 웃음 터지기 일보 직전 ㅌㅋㅋㅋㅋ,8,8
418,삐뇽..,아 진짜 봐도봐도 안질린다.. ㅋㅋㅋㅋㅋ 산악회인데 다소 소인원임 근데 회장 부회장 다 잇음 ㅋㅋㅋㅋㅋㅋ,5,5
419,욜키부인,쓸데없는 걸 쓸데없이 잘 하는 사람들의 모임,1,1
420,letsgo99,다들 얼굴이 넘 애긔야.. ㅋㅋ,13,13
421,arum,8:32 택조아저씨 세수할때 스쿼트 자세로 귀까지 빡빡 닦는거 진짜 극사실주의네요.....아 진짜 미치겠다....ㅎㅎㅎㅎㅎㅎㅎㅎㅎㅎ,615,615
422,최민석,38:55 뒤에 누워계시는 ‘진짜’,158,158
423,Moo hyun Lee,2:04:52 광용샘 목소리 이렇게 커진거 처음 봄ㅋㅋ,3,3
424,BLLNN A,15:40 부터 나오는 피아노 브금 제목이 뭔가요??,1,1
425,Song Song,이정도면 그냥 정극 배우들,2,2
426,나야나,난 왜 틈만 나면 이걸 보고 있지? 학교에서 실습할때 쉬는 시간이면 이걸보고 학교에서 열정 열정 열정을 외치지?,0,0
427,까까,8:32 아 진짜 살려줘 개웃겨 아진짜 귀 닦는 디테일 미칠거같애 ㅠㅠㅜㅜㅠㅠㅠㅠㅠㅠㅋㅋㅋㅋㅋㅋㅋㅋㅋㅋㅋㅋㅋㅋㅋㅋㅋㅋㅋ,16,16
428,오디후니,17:18:00 영남회장 은근 웃음 참는다 그죠잉?,0,0
429,Byeonghak Lee,41:20 같이 뛰는거 존나 웃기네 ㅋㅋㅋ,123,123
430,하고 싶은거 다 하는 채널,흑흑 너무 웃겨요 쉿팔 ㅠㅠ 너무 재밌어 끝까지 다 봤네~~~~ @.@,0,0
431,케이팝모델세수머신택조,오늘도 복습하고 갑니다 @->----,0,0
432,Simon Baek,한국판 오피스 찍어주세요 이런 느낌으로,1,1
433,Rirififiri Ddll,와진심 연기력이 미쳤는데?,21,21
434,리나,44:00 광용이 조용히 허리잡고 자빠져잇는거 개웃기네 웃다가 침흘림ㅋㅋㅋㅋㅋㅋㅋㅋㅋㅋㅋㅋㅋ,0,0
435,웨딩피치릴리💙,와진짜 지금까지 뻔한줄알고 이제봣거든? 역대급컨텐츠 ㅇㅈ이다 ㅋㅋㅋㅋㅋㅋㅋ,2,2
436,나비의꿈,나이들은 나랑 몇살 차이 안나는거 같은데 연륜이 느껴지는 이 느낌뭐지...ㅋㅋㅋ,2,2
437,날맑은,2:10:00 아 미쳤다 개욱곀ㅋㅋㅋㅋㅋㅋㅋㅋㅋㅋㅋㅋㅋㅋㅋㅋ,0,0
438,엄마의 시선,44:10 미쳤나봐... 진짜 미친거지..,1,1
439,호지자불여락지자,李택조 선정 ‘잠자기 전 3시간 떼우는 방법’ 1위,75,75
440,대책없는 채널,1:03:34 광용쌤 들어가서 아쉬워했는데 혁이ㅋㅋㅋㅋㅋㅋㅋ,75,75
441,훈이.,2:41 난 왜 이게 제일 웃기냨ㅋㅋㅋㅋㅋ진짜 우리 아빠도 영상같은거 찍으면 저러심ㅋㅋㅋㅋㅋ,2,2
442,몽상이들 Dreamers,아ㅋㅋㅋㅋㅋㅋ 진짜 너무 웃기네,0,0
443,김띠띠,손하트 볼때마다 웃겨죽엌ㅋㅋㅋㅋㅋㅋㅋㅋㅋㅋㅋㅋㅋㅋㅋㅋ,1,1
444,리사 이,하원 하러 가야 되는데 ㅋㅋㅋㅋㅋ 미치겠네요 ㅋㅋㅋㅋㅋ,0,0
445,귀염이,1:10:18 멀리 앉아서 보고있는거 찐 리얼하다 ㅋㅋㅋㅋㅋㅋㅋㅋ,1.2천,1200
446,Jinn,아니 카메라 무빙도 담아내는 게 장난아닌듯 ㅋㅋㅋㅋㅋㅋ,9,9
447,??,처음에 이거 볼때 찐으로 산악횐줄알고 뭐야..하고 껐는데 연기 진짜 잘하시네ㅋㅋㅋㅈㅋ,1,1
448,명탐정버논,6:17 아깜짝아 멤버 늘어난줄,3,3
449,잠이와요,광용쌤 따뜻해...,0,0
450,Chris Kang,유입 완료. 후회없는 선택.,1,1
451,문제인,43:48  멤버들 현웃터진거 개웃기네 진짜ㅋㅋㅋㅋㅋㅋㅋㅋㅋㅋ,448,448
452,로버트다우니빨래끝,20:36 와 여기 이택조 자세하며 표정부터 손짓까지 찐아재같다ㅋㅋㅋㅋㅋㅋㄷㄷ,0,0
453,해씨,누가 추천해서 정주행 하러 왔는데 다 필요 없고 존나웃김ㅋㅋㅋㅋㅋㅋㅋㅋㅋㅋㅋㅋㅋ,7,7
454,시봉방년,이정도면 건전하네,0,0
455,M2 리니지,머 이리 재밌냐 ㅋㅋ멈추질 못하겠네,0,0
456,"1년에 2배 만들기, !덤덤!",1:01:29 왜 나는 이걸 따라 부를 수 있는지ㅋㅋ,12,12
457,성이름,4명다 우열을가릴수가없다진짜,18,18
458,르루 LE LOO,ㅋㅋㅋㅋㅋㅋㅋㅋㅋㅋㅋㅋㅋㅋㅋㅋㅋㅋ 아나 왜케 광용선생님이 웃기지 ㅋㅋㅋㅋㅋㅋㅋㅋㅋㅋㅋㅋㅋㅋㅋㅋ인생얘기하는데 ㅋㅋㅋ 산올라갔을 때 허리 끊어지는 줄 알았ㅇ댘ㅋㅋㅋㅋㅋㅋㅋㅋㅋㅋㅋㅋㅋㅋㅋㅋㅋㅋㅋㅋㅋㅋㅋㅋㅋㅋㅋㅋㅋㅋㅋㅋㅋㅋㅋㅋㅋㅋㅋㅋㅋㅋㅋㅋㅋㅋㅋㅋㅋㅋㅋㅋㅋㅋㅋㅋㅋㅋㅋㅋㅋㅋㅋㅋㅋㅋㅋㅋㅋㅋ큐ㅠㅠㅠㅠㅠㅠ술안주로 빵 ㅋㅋㅋㅋㅋㅋㅋㅋㅋㅋㅋㅋㅋ,0,0
459,수인이네suin,57:25  택조ㅋㅋㅋㅋㅋㅋ 과자 탁 쳐서 먹는거 ㅋㅋㅋㅋㅋㅋㅋㅋ,724,724
460,스톨마빈,이 편이 산악회 1화부터 최신까지 다 합쳐져있는건가요,0,0
461,뉸뉴하뜌,택조 캐릭터 미친진짴ㅋㅋㅋㅋㅋㅋㅋㅋㅋㅅㅋㅋㅋㅋㅋㅋㅋㅋㅋ,1,1
462,Grace Kim,혼술하면서 보기 딱 캬 3:02:40,0,0
463,브베밥칭구 나박이,55:44 택조영남 아재 기껏 화해하고왔더니 이젠 여기가 개판이여ㅋㅋㅋ아 진짜 이런 연출 기획력 너무좋다ㅋㅋ시트콤 와따네~,173,173
464,강보민,2:54:51 부터 운다 울어 ㅠㅠ,49,49
465,Trivela,1:00:57 아니 저 치킨집 손님들은 진짜 등산회 분들이 노시는중으로 아시겠지ㅋㅋㅋㅋㅋㅋㅋ,6,6
466,jiyoun park,나도 아빠따라 몇번 따라갔는데 진짜임 ㅋㅋㅋㅋ,0,0
467,sin,34:28 아놀래랔ㅋㅋㅋㅋㅋㅋㅋ유튜브 켜놓고 다른거 하고 있었는데 뭔소린가 햇네 택조행님 짱 ㅜㅜ,0,0
468,체스터베닝턴,한강편 졸잼ㅋㅋㅋ 그죠잉 안팝니다잉ㅋㅋㅋ,0,0
469,강쿨몽,등산복 광고 언제쯤 들어올까... 매번 같은 복장이여서 그산이 그산같고ㅋㅋㅋ,2.3천,2300
470,Have a cook day,53:23 이게 뭐라고 이걸 보고 울고있냐 나는ㅋㅋㅋㅋ,66,66
471,Dogun Lee,와 근데 회장님 촬영한번 하면 목 쉴것같음,1,1
472,Yeye,패션도 다 이유가 있는 것 같은게영남회장만 팔토시 안했고택조만 안경 안썼고용길이만 등산복 안입었고광용이만 모자안씀 ㅋㅋㅋㅋㅋ,1,1
473,ㅇㅈㅅ,뭔가 응답하라 감독이 드라마로 만들면 재밌으 것같은 느낌,0,0
474,이이이잉잉잉ㅇ잉ㅇ,하이퍼리얼리즘...,0,0
475,장규한,월간 사람과산 선정 '우리 아이 추석 선물 1위',60,60
476,나는나,이거 보고 얼굴 하나 믿고 연기력 모자란 배우들 각성해라!,1,1
477,행복을 찾아서,싸강을 듣고 있었다강사님이 강의중 ‘왜냐면’ 을 말하는순간영남회장 목소리에 이끌려 지금 난 여기에...이번 시험도 망했다 영남회장..책임져...,0,0
478,에어베이크드,영남회장 진짜 발음 새는거 개웃김. 경쟁 발음 고증 뭐임. 모든 경상도 할배의 액기스 말투만 뽑은듯,2,2
479,Denis kang,하 아무생각 없이 보다가 인생을 배운다..,1,1
480,3min Quickbook,아니 대체 왜 싫어요가 달리는겨 ㅋㅋㅋㅋ 이해불갘ㅋㅋㅋㅋㅋ,0,0
481,bing bing,진짜 산악회 맴바인거마냥 똑같다 ㅋㅋㅋㅋㅋ 진짜 옆에서 듣고있으면 저러던데 ㅋㅋㅋㅋㅋㅋㅋㅋ,40,40
482,seru sara,우리아빠랑 너무 똑같아 택조씨가 ㅋㅋㅋ,0,0
483,삶소소한,32:50 그 얼음골 얼음이 녹았다네요…ㅠㅠ,1,1
484,슞,와 하이퍼리얼리즘 미쳤닼ㅋㅋㅋㅋㅋㅋㅋㅋㅋㅋㅋㅋㅋㅋㅋㅋㅌㅋㅋㅋㅋ,0,0
485,무쌍하남매,33:00얼름골 얼음은 너무 간거 아닙니까,8,8
486,그래,15:49 노래 이름이 뭔가요?,0,0
487,메롱,"제발 테레비에서 방영해주라,,, 엄마한테 유투브 알려주는거 존나 어려움,,,,",835,835
488,MK JEONG,02:09:50 이택조 하이라이트 ㅋㅋ,1,1
489,김풍성,1:00:40 얼굴 한쪽만 찡그리면서 억지로 웃는 거 ㄹㅇ 존똑ㅋㅋㅋㅋ,9,9
490,애옹,2:55:50 ㅠㅠㅠㅠㅠㅠㅠㅠ,3,3
491,강덕,46:14 배용길아저씨ㅠㅠㅠ저만 설레나요ㅠㅠㅠ,7,7
492,민스케,전설의시작,0,0
493,Who,13:10 자면서 듣다가 모기소린줄 알고 잠 확깸 ㅋㅋ,139,139
494,DONGBIN SHIN,43:40 진짜 싸우는거 존나 웃김. 웃겨서 자기들도 웃음 ㅋㅋㅋㅋㅋㅋㅋㅋㅋㅋㅋㅋㅋㅋㅋㅋㅋㅋㅋㅋㅋㅋㅋㅋㅋㅋㅋㅋㅋㅋㅋㅋㅋㅋㅋㅋㅋㅋㅋㅋㅋㅋㅋㅋㅋㅋㅋㅋ,41,41
495,방울토마토 한국어,03:13:52 올라오면서 검은 갓 쓴 놈을 몇 번이나 봤는지 몰라... 저도 얼마전에 기차 시간 늦어서 뛰어가느라 저 세상 텐션을 경험했는데... 정말 말 한 마디 한 마디가 기가 막힙니다. 그죠?,1,1
496,열정,이거 보니까 친구 만나고 싶네,0,0
497,_kimga nice,38:18... 미쳤나봐 택조아제 ㅎㅎㅎㅎㅎ,11,11
498,ᄍ ᄍ,볼때마다 빨간색 옷 입으신 분 우리아빠 아파서 살빠진거랑 목소리부터 옷입는거까지 다 비슷해서속상하다 그래도 못보는 아빠얼굴 보는거같아서위로된다..,2,2
499,김민지,이상하게 종종 울컥함.,724,724
500,봄은고양이,1시간4분 눈물나네요 ㅠㅠ,1,1
501,초코칩,"05:58 ""맞잖아""물어보는거 ㄹㅇ50대 중반인 우리 담임쌤이랑 똑같네ㅋㅋㅋㅋㅋㅋㅋㅋㅋㅋㅋㅋㅋㅋㅋㅋㅋㅋㅋㅋㅋㅋ",3,3
502,냥냥,ㄹㅇ이다... 울 아빠 이거 보여줬는데 자기도 광용쌤 꺼 같은 땀 흡수하는 스카프를 사야겠다면서 다음날 스카프 사옴,0,0
503,Sunrises,봐도봐도봐도또봐도 재밌어,3,3
504,예으니,그니까 이택조 이사람이 제이호랑 동일인물인거죠....진짜 신기하네,0,0
505,DEN_KU,1:42:31 리얼ㅋㅋㅋㅋㅋ등산하시는아저씨들 싱크뭐눜ㅋㅋㅋㅋㅋ개웃,344,344
506,김태현,감사합니다또 한 번 더 살아갑니다,4,4
507,이진아,"오징어 택조46:33 어유 왜 나만 또 말려~!! (ꐦ ಠ皿ಠ )46:58 아유 왜이러케, 나만 말려~!! (╬ಠ益ಠ)쉬익쉬익",66,66
508,괴짜TV,2:10:07 나중에 다시와서 볼라고 기록ㅋㅋ,796,796
509,wuwudn12,2:51:31 ㄹㅇ 음식점 앞에서 믹스커피 들고 얘기하는 아저씨들 다 이 얘기함,769,769
510,남선우,부럽다,0,0
511,성Nim,5:38 ㅋㅋㅋㅋㅋㅋㅋㅋ우리 회사 아저씨들 사진찍을때 모습이랑 똑같다고요 ㅠㅠㅠㅠ 디테일,190,190
512,성이름,55:50 광용아제 취한거 도랏ㅋㅋㅋㅋ,3,3
513,박태윤,40:56 와 발음도 스포츠맨이 아니라 씁호츠맨 이라고 하는게 진짜 연기 소름이다,1,1
514,한량,"와 정말 무섭네 교과서인데, 왜 수학으 정석이 많이 팔리는지 아는ㅠㅠ",2,2
515,utong,와 진짜 ... 2:21:10 진심 울아빠 아니냐고 ..... ㅋㅋㅋㅋㅋㅋㅋㅋㅋ ㅠ ㅠ 아빠 반성해 . . . .,2,2
516,오도방구미와,여름에 설악산 갔다가 정광용 샘 본줄 알고 한참 쳐다봤는데 그냥 아저씨였던 적이 있음,0,0
517,꿩투리티비,광용쌤은 진짜 찐이다 ㅋㅋㅋㅋㅋㅋㅋㅋㅋㅋ,29,29
518,벌꿀오소리,34:27도랏나 ㅋㅋㅋㅋㅋㅋㅋㅋㅋㅋㅋㅋㅋㅋㅋㅋㅋㅋㅋㅋㅋㅋㅋㅋㅋㅋㅋㅋㅋ택조 세수 ㅋㅋㅋㅋㅋㅋㅋㅋㅋㅋㅋㅋㅋㅋㅋㅋㅋ우렅럴럴럹랄락!ㅋㅋㅋㅋㅋㅋㅋㅋㅋ개웃김,0,0
519,이이다현,"영남이삼촌,, 다미이모랑 콜라보해주세요,,, 텐션 너무잘맞음,,,",0,0
520,엄마는외계인,진짜 웃겨 ㅋㅋㅋㅋㅋㅋㅋㅋㅋㅋㅋㅋㅋㅋㅋㅋㅋㅋㅋㅋㅋㅋㅋㅋ 코빅보다 훨 재밌다 ㅋㅋㅋ,0,0
521,뷰뷰,아 진짜 ㅈㄴ 웃겨 죽을것같아ㅠㅋㅋㅋㅋ,0,0
522,name re,2:51:58 진주 토박인데 아 그래? 이부분이 ㄹㅇ임ㅋㅋㅋㅋㅋㅋㅋㅋㅋㅋㅋ 진짜 경상도 아재 느낌이네 ㅋㅋㅋㅋㅋㅋㅋㅋㅋㅋㅋ,355,355
523,몰?루,작가가 누굴까.. 천재같음,40,40
524,구현,광용쌤 이때는 허리랑 목소리가 괜찮았는데.... 점점갈수록 건강이 안좋아지는거같아요 ㅠㅠ,1,1
525,김주니,택조아재 세수하는건 진짴ㅋㅋㅋ,0,0
526,문지호,수리산도 가주십쇼,0,0
527,밤들,진짜 캐릭터 하나 할때마다 뇌 갈아끼우는거 아니냐,3,3
528,Seowon Choi,근데 처음꺼 보니까 요즘이랑 좀 다르긴 하다 ㅋㅋㅋㅋㅋㅋ 난 지금이 더 좋음ㅋㅋㅋㅋ,0,0
529,꼬망이엄마,이호창한테 설레는 내가 싫어서 택조아재 보고 환상 깨러 왔습니다....,32,32
530,so what,1:45:58  발에다 물 담그자고ㅋㅋㅋㅋㅋ 말실수했는데 자연스러워서 그냥 넘어갈뻔했네요ㅋㅋㅋㅋㅋㅋ,0,0
531,CD AB,34:19 2:10:09  아진짴ㅋㅋㅋㅋㅋㅋㅋ개웃곀ㅋㅋㅋㅋㅋㅋㅋㅋ,3,3
532,별곰,이거 그냥 떠서 보는사람들은 진짠줄 알것다 ㅋㅋ,0,0
533,짱짱히쌤,ㅋㅋㅋㅋㅋㅋㅋㅋㅋ  광용이 행님 ㅋㅋㅋㅋㅋㅋㅋㅋㅋ 너무좋아,0,0
534,Jiwon Shin,김영남회장 찐이라 생각했는데 순대에서 된장 찾는거 보고 하이퍼 리얼리즘 확 깨네요 대구는 소금 입니다 된장 주는 곳 본 적 없어요 여태 찐 대구 스탈로 하시다가 왜 갑자기 부산 퓨전으로 가시는건지,1,1
535,m Shin,1:23:17 근데 등산할때 중간중간 쉴때 앉아서 쉬는 거보다 저렇게 서서 계속 움직여줘야 나중에 집가서 다리 안아픔 ㅋㅋㅋ,38,38
536,ᄋᄋ,이분들 레이디액션이랑 콜라보 해주셨으면 좋겠다 ㅋㅋㄱㅋㄱㅋㄲㅋㄱㅋㄱㅋ,7,7
537,늘도오,진짜 아재들이랑 촬영하면 존나 웃기겄다ㅋㅋㄱㅋㅋㅋ,3,3
538,아 일 넘 많아...,광용쌤 귀여워,0,0
539,이상민,멘트 하나하나가 다 주옥같네 ㅋㅋ,11,11
540,더좋은 내일,ㅋㅋㅋㅋㅋ 뭐지? 이 동질감은?,0,0
541,Tree Park,1:44:30 야마가 나면 안된다는 거야아~그럼 야마 돈다는거야아~ 싯팔 ~헤잇 ㅋㅋㅋㅋㅋ상쾌한 마무리 언제봐도 웃음지뢰 ㅋㅋㅋㅋㅋㅋ,1.4천,1400
542,몽실언니,아..진짜..이사람들 때매 웃겨죽겠네.ㅋㅋㅋ  완전 아저씨 빙의 ㅋㅋㅋㅋ,0,0
543,생활인:Multi person,"""다 모여있는데서 저거,  나 개망신줄려고 저거"" 저거저거 하는거 개웃김 ㅋㅋㅋㅋㅋㅋㅋㅋㅋㅋㅋㅋㅋㅋㅋ",10,10
544,눈물이나옹,영남회장 기절 1:27:56,0,0
545,레발랑도르,물리교사 디테일한거 보소ㄷㄷ,2,2
546,김지훈,우리아버지가 딱 광용쌤스타일인데..,1,1
547,이뫄뫄,3:08:11 치킨버거 만들고있는고 개웃기넼ㅋㅋㅋㅋㅋㅋㅋㅋㅋㅋㅋㅋㅋㅋ 와중에 곱디고운 오동통한 손도  ㅠㅠ큨ㅋㅋㅋㅋㅋㅋㅋ,368,368
548,gumball,26:53 우리 아빠도 맨날 저렇게 코 마시는데 너무 소름돋아요 우리 아빠만 그런게 아니었구나 다행이다,0,0
549,m,42:22 배용길 조용히 다른 산악회 사진 찍는 거 ㅌㅋㅋㅋㅋㅋㅋㅋㅋㅋㅋㅋㅋㅋㅋㅋ,66,66
550,untitled2022,혁이 이때는 엄청 날씬하네여 ㅇㅁㅇ!!!!!,0,0
551,April night,용길 너무웃겨!!!!!!!!!!,0,0
552,희망희망긍정긍정빛,진짜 개웃긴다ㅋㅋㅋㅋㅠㅜㅜ아개똑같,0,0
553,쭈꾸미,2:55:00 여기서부터 너무 슬프다ㅜ,1.2천,1200
554,두스TV,혁이 하나쯤 잇는 맹한 아저씨 재질 그대로에 ㄹㅇ,0,0
555,슾흐,1:58:35 총터는거 개웃기닼ㅋㅋㅋ큐,0,0
556,m k,귀뒤에 씻는거 ㅋㅋ 진심 우리 남편이다 ㅋㅋㅋ,2,2
557,나다,1:58:40 부터 웃겨 죽겠음 내 최에 장면,1,1
558,연탄,저희 아들이 졸업사진찍는데 이택조님 코스프레를 하고싶어하네요. 이택조님 입고계신 등산복 구입을 하고싶은데 브랜드라도 알수 있을까요?,0,0
559,garo hero,3:02:46 이거 진짜 ㅋㅋㅋㅋ 리얼이다 ㅋㅋㅋ 극사실주의 ㅋㅋㅋㅋ,685,685
560,홍현Wide Wisdom,초장에 영남회장 안전수칙 외칠때 동안 멀찍이 경고음 소리 삐삐 들리는거 디테일 뭔데 ㅋㅋㅋㅋㅋㅋ,1,1
561,신초,2:27:06 회장님 와이프가 다비이모??? ㅋㅋㅋㅋㅋㅋㅋㅋㅋㅋㅋㅋ 부부는 닮는다더닠ㅋㅋㅋㅋㅋㅋㅋ 어쩐지 말투에서부터 다비이모가 떠오르더라닠ㅋㅋㅋㅋㅋㅋㅋㅋㅋ 와이프동반 등산갑시닼ㅋㅋㅋㅋㅋㅋ,395,395
562,King 2,술먹고 닭백숙먹고 싸우는거 레알임 남자친구랑 백숙 먹으러 갔는데 저렇게 옆에 미니계곡 있는곳..저기서 옆테이블 아저씨들 화기애애하더니 좀이따 우당탕 하면서 자기들끼리 싸우고 뺨때리고 그럼 ㅇㅇ현실고증 소름,194,194
563,비트375,3:05:50 디테일 보소 ㅋㅋㅋㅋㅋㅋㅋ,12,12
564,호홍홍,1:01:38 그립읍니다,0,0
565,귀염이,옆테이블 아저씨들 자연스럽다 ㅋㅋㅋ 신경도안써 찐인줄아시는듯ㅋㅋㅋ,173,173
566,존나나,43:47 너무 웃기다 ㅋㅋㅋㅋㅋㅋ,0,0
567,고호야,"살을 빼려고 한다면""닥터래시오""를 드셔 보세요저도 뭐만 먹었다 하면 무조건살이 찌고 그랬었는데이걸 챙겨 먹고 나니까 뱃살도줄어들고 입고 싶은 옷들도 맘껏 입고 다니고 있어요",0,0
568,손성호,3:13:09 자고있다가 이거때매 깼네..자다가 웃음,2,2
569,L L,정광용 아저씨 이때가 말 제일 빠르네ㅋㅋ,0,0
570,sy kim,한국적인  것이   가장  세계적인  것이다.... 번역해서     외국 강제 진출시키고 싶어요.. 잔잔한    한국 중년  아저씨들김영남 님   유퀴즈에서   아부지 말투 를    컨셉 으로 잡은거라는   야그  생각나네요...네개의 보석을  보는 느낌이네요...또   옛날에  승기가   어떤 프로에서   우리아버지   산악회  이름이   산타클로스   라던  야그 생각도 나네여....  귀여우신  우리네  중년  아부지들...,0,0
571,주짓광,이거 보면서 문제가 뭐냐면.. 나도 어느새 '열정 열정 열정'을 외치고 있음... ㅋㅋㅋㅋㅋㅋㅋㅋ,89,89
572,Nine Inch Nails,롱테이크로 찍었다는게 신기함ㅋㅋㅋㅋㅋㅋㅋ,0,0
573,High High,46:09  말티즈 vs 요크셔테리어 ㅋㅋㅋㅋㅋㅋㅋㅋㅋㅋㅋㅋㅋㅋ 앙칼진 소형견의 매력 ㅋㅋㅋㅋㅋㅋㅋㅋㅋㅋㅋㅋㅋㅋㅋㅋ,9,9
574,Chi Yeong,조택조 비실이같은게 개웃기네 연기 왤케 잘해,0,0
575,자택에서숨쉰채발견,영남이 다비 전화받을때 웃겨죽겟음 ㅋㅋㅋㅋㅋㅋㅋㅋㅋㅋㅋㅋㅋㅋㅋㅋㅋㅋㅋㅋㅋ,5,5
576,꾸먕,진진흥미하다,0,0
577,YJ H,한사랑산악회 찐으로 있는게 개웃김ㅋㅋㅋㅋㅋㅋㅋㅋㅋㅋㅋㅋㅋㅋㅋ,26,26
578,뷰티몬스터,택조집:영육간에 강건하게래 ㅎㅎㅎㅎ,1,1
579,호박단,10:41 내 최애 ㅋㅋㅋㅋㅋㅋㅋㅋㅋㅋㅋㅋㅋㅋㅋㅋㅋㅋㅋㅌㅋㅌㅋㅌㅋㅌ,2,2
580,유지희,재벌이 아재되는것도 한순간이구나,0,0
581,소민,3:03:00 머리에 한반울 떨어지는게 개 킹받음 ㅋㅋㅋㅋㅋㅋㅋㅋㅋ,0,0
582,이승훈,해병대 출신 산대장 있으면 딱이겠다ㅋㅋㄱㅋㅋㅋ,0,0
583,J H,김다비 이모 초대해주세요 캐미 쩔듯ㅋㅋ,91,91
584,Lillini Lil,34:27 개터졌네 ㅋㅋㅋㅋㅋ,1,1
585,Mh J,1:33:19 아닠ㅋㅋㅋㅋㅋ머리카락이 너무 젊어 ㅋㅋㅋㅋㅋㅋㅋㅋㅋㅋ,1천,1000
586,Eiden,물리쌤 이거 먹어도돼 웃음버튼ㅋㅋㅋㅋ,0,0
587,백선재,42:15 용길이 말리는 척 몰래 찍어놓기ㅋㅋㅋㅋ,41,41
588,조댕,"3:00:16 나는 이,,,달달하이,, 야 정광요이 넘마 인성문제잇서???! 3:08:04 진짜 내 최앸ㅋㅋㅋㅋㅋㅋㅋㅋㅋㅋㅋㅋㅋㅋㅋㅋㅋㅋㅋㅋㅋㅋㅋ 몇번을 돌려봐도 안 질리는 짤 진짴ㅋㅋㅋㅋㅋㅋㅋㅋㅋㅋㅋㅋㅋ 째려보는 택조시부터 눈치없는 광용쌤+욕하는 영남시 와중에 달달허이 너무 타격없이 잘 드시고 있는 광용쌤 달달버전 싸이버거+영남시 아따~~마~~빨리죽겠다잉~?? 엔딩 하고 광용쌤 눈치없이 인터뷰 하다 또 욕먹는거까지 진짜 내 최앸ㅋㅋㅋㅋㅋㅋㅋ쿠ㅜㅜㅜ제일웃곀ㅋㅋㅋㅋ미쳤냐곸ㅋㅋㅋㅋㅋㅋ큐ㅠㅠㅠㅠㅠ",80,80
589,두리튜브,ㅋㅋㅋㅋㅋ아 아조시들ㅋㅋㅋㅋㅋㅋㅋㅋ 위화감이 전혀 없엌ㅋㅋㅋㅋ,19,19
590,소소,1시간54분 손으로코푸는거 포인트다,1,1
591,jsy,12:21 이택조씨가 13.000원 ㅋㅋㅋㅋㅋ 표정 ㅋㅋㅋㅋㅋㅋㅋㅋ,2,2
592,킴미롸,우리내 아저씨들인데 손은 다들 아가손마냥 고아,1,1
593,멍뭉이,43:30  진상아저씨의시작,0,0
594,후엠i,15분50초 무슨 노래인가요ㅠㅠ,0,0
595,bb k,와 진짜 아빠 친구들 같다,30,30
596,이규웅,한사랑산악회 장점 : 30년 40년 후에도 연기 가능 오히려 더 나이대가 맞아떨어짐,0,0
597,나는너구리부인,대구사람으로서 말하는데 물리선생 컨셉 오졌다. 말 속도랑 톤이랑 어투랑 우리 삼촌이랑 존똑;;;;;ㄷㄷ,0,0
598,푸라스틱설절희,경남 사람 입장에서 김영남 회장 진짜 무슨 빙의수준임ㅋㅋㅋㅋ연기가 아님ㅋㅋㅋㅋㅋㅋㅋ,2,2
599,stella,1:00:16월요일은 월(원)래 술 마시는 날화요일은 화나서 마시는 날수요일은 수수하게 마시는 날 목요일은 목 빠지게 마시는 날 금요일은 금방만나 술 마시는 날토요일은 토하면서 마시는 날 일요일은 왜 마시는 줄 알아요? 일을 안해서 마신데 흐하하하하,3,3
600,스톨마빈,이거 다보고 모부터 봐야하나요? 알려주세요ㅜ,0,0
601,김태경,2:10:07 아 줜나웃었네진짜 ㅋㅋㅋㅋㅋㅋㅋㅋㅋㅋㅋㅋㅋㅋㅋㅋㅋㅋㅋㅋㅋㅋㅋㅋㅋㅋㅋㅋ,593,593
602,정화,보다보면 광용쌤한테 빠짐 ㅋㅋㅆㅋㅅㅋㅅㅋㅅㅋㅆㅋㅅㅋㅅㅋㅅㅋㅅㅋ조용히ㅜ할거 다함ㅋㅅㅋㅅㅋㅅㅋㅅㅋㅅㅋ큐ㅠㅠㅠㅠㅠ개웃곀큐큐ㅠㅠㅠㅠ,8,8
603,방울토마토 한국어,00:35:48 택조 지각하고 하는 말 - 지하철이 왜 이렇게 막혀.                참 기가 막힌다 그죠잉?,0,0
604,Grey,4:48 아니 IMF 때 부도나서 유통기한이 지났으면 설마 20년도 더 지난건 아니겠지....?,2,2
605,ㅎㅎ,이건 또 어디서 배워 온 거얔ㅋㅋㅋ 25:57,2,2
606,원유빈,뭔데 이걸.. 내가.. 지금... 3시간 내내 보고 있는거지... 하......,0,0
607,꽃천지,아니 나 10살때 아빠 친구 진짜 엘피바 하는 분 있었음 상호명 엘비스. 그분하고 싱크로 쩔고 그분도 여자 많았음,42,42
608,ᄒᄒᄒᄒ,1:14:41 ㅋㅋㅋㅋㅋㅋㅋ 가성비 슬로우모션,136,136
609,오디후니,57:27 ㅋㅋㅋㅋㅋㅋㅋㅋ 뻥튀기먹는거 까지 디테일 미쳤냐곸ㅋㅋㅋㅋㅋㅋㅋㅋ,1,1
610,NAMI송나미,39:07 ㅈㄴ웃곀ㅋㅋㅋㅋㅋ,2,2
611,GPOZA,13:38 이택조는 포병출신인게 확실함.,3,3
612,한지은,와 김신영은 새발에피네....,0,0
613,조가이버,이택조  가 개그맨 이창호씨군요오늘알았네요 어쩐지 연기를잘하시더라구요,61,61
614,디쥬쎄이지수 - DID YOU SAY JISU ?,"3:10:48 광용쌤한텐 산은 뭘까,, 뷔페일까,,,",2,2
615,송상호,주요 단어 3번씩 말하는거 디테일 미쳤다한방이 한방이 좋아 한방이스트레스 이 스트레스 때문이야 스트레스,92,92
616,신지나,울아부지가 여기계시네ㅋㅋㅋㅠㅠ,0,0
617,riddle_cat,41:20 족제비와 생쥐의 치열한 싸움의 현장!,1,1
618,문문,23:4134:188:331:11:34,0,0
619,QQ Iamapizzaboy,2020년 추석 선물로 제가 피자 열판 쏘겠습니다 ~! 허리 피자! 가슴 피자! 얼굴 피자! 어깨 피자! 팔다리 피자! 주름 피자! 형편 피자! 팔자 피자! 인생 피자! 그리고~웃음꽃 피자^^맛있게 즐기세요~,166,166
620,Valentine J,대존잼 ㅋㅋㅋㅋㅋㅋㅋㅋㅋㅋㅋㅋㅋㅋㅋㅋㅋㅋㅋ개그맨들은 다르네 ㅋㅋㅋㅋㅋㅋㅋ,1,1
621,로크의 단서조항,05학번이랑 한사랑이랑 시간배경이 달라서 세계관 꼬일거 같은데 ㅋㅋㅋㅋ,0,0
622,익명,저거 ㄹㅇ인게 학교에 저런쌤있음 진짜ㅋㅋㅋ소름 존나 돋는다 나 무서워 ㅠㅠㅠㅋㅋㅋㅋ,0,0
623,happy,쿠데타 독재 얘기가 젤 안웃긴데 젤 흥미진진해 ㅋㅋㅋㅋㅋㅋ,0,0
624,까만콩,자기소개 왜케 웃겨ㅜㅠㅜㅠㅋㅋㅋㅋㅋ열정열정열정 ㅋㅋㅋㅋㅋㅋㅋㅋ,0,0
625,我吳李小裸,"택조는,,,완장차고싶어가꼬 환장한 인간인기라. 사람들 만나면은,, 고향도 사투리도, 막 바꾸고,,,,.해병대,, 안갖따왓음서 해병대 전우회 활동도 해싸코. 전우회서도 부회장까지 해먹고 들통나가 산악회로 가삤다,",699,699
626,조영주,1:55:35 부회장은 엄청똑똑하다 앞뒤가드 오지넹,0,0
627,이수진,ㅋㅋㅋㅋㅋㅋㅋㅋㅋ회장 개웅낌자기자랑 하니까 옆에서 한숨열정열정열정 손을 가만히 못있으시네ㅋㅋㅋㅋㅋㅋㄱ,0,0
628,molly,29:35 택조 실없는 소리30:35 개빡친 택조34:18 택조 세수,0,0
629,쥬쥬쥬쥬,너무웃겨요 ㅋㅋㅋ 싸우는거,0,0
630,오재미키드,한사랑 산악회는 전원일기 처럼만 길게 가자.그러면 나중엔 분장도 필요없어진다.,1,1
631,류희경,22:28 5호선인뎈ㅋㅋㅋㅋㅋ몇번출구인지는 말안해줰ㅋㅋㅋㅋㅋㅋㅋㅋㅋㅋㅋㅋㅋㅋㅋㅋㅋㅋㅋㅋㅋㅋㅋㅋㅋ,1.3천,1300
632,O후라이드치킨,하이퍼리얼리즘은 여태까지 살인의 추억 송강호를 생각했다. 이들이 최고다. 하지만 음식 먹는 소리는 부족하다,0,0
633,Beck N,미쳤냐고 ㅋㅋㅋ 광용 치킨빵에서 손님이랑 통화하다 웃었네 미친 ㅋㅋ,1,1
634,sss ss,그죠이~?ㅋㅋㅋㅋㅋㅋㅋㅋㅋㅋㅋ넘웃겨요,0,0
635,chavandposh,아저씨 하이톤 목소리가 아주 리얼합니다.,0,0
636,pengsoo love,37:39 방심하다 뿜었다ㅋㅋㅋㅋㅋㅋㅋ,14,14
637,Ddyepn,15:34 아 눈물나,286,286
638,ㅇㅇ,진짜 자체슬로우 하는게 존나 웃김 ㅋㅋㅋㅋ,1,1
639,asjcus,32:32 눈물모먼트,36,36
640,이은채,남한산성 가주세욬ㅋㅋㅋㅋㅋ,0,0
641,De,택조씨 얼굴에서 선응이형이 보이네요 ㅎㅎ,0,0
642,* BOTA,1:01:10 31살인데 나중에 써먹어봐야겠다,1,1
643,Na M,1:55:37 아니 진짜 이모부 여기 왜계세요 ㅋㅋㅋㅋㅋㅋㅋㅋ,1.7천,1700
644,Byeonghak Lee,1:45:14 셋이서 드세요잉 ㅋㅋㅋㅋ  존나웃기네,164,164
645,Green,34:27 자기 전에 누워서 보다가 엄청 놀랐네 ㅋㅋㅋㅋ,2,2
646,도비깨비,ㅍㅎㅎㅎㅎㅎ 겁나 웃기네요,0,0
647,생존일기,천도복숭아 때문에 이분 영상 보는데 이젠 얼굴만 봐도 웃겨죽겠음 ㅋㅋㅋㅋㅋ,0,0
648,킹왕짱유니,"영남이 아저씨,진짜 토박이 경상도다.ㅎㅎㅎ",1,1
649,Eorud-,8:41 손털때 머리살짝 휘날리는것도 포인트임,763,763
650,2020 prolover,너무 웃겨요..하하하. 영원하라 피식대학,0,0
651,칠공삼,1:21:32 ㅋㅋㅋㅋㅋㅋㅋㅋㅋㅋㅋㅋㅋㅋㅋㅋㅋㅋㅋㅋㅋㅋㅋㅋㅋ가만히 보다가 뻘하게 터짐ㅋㅋㅋㅋㅋㅋㅋㅋㅋㅋㅋㅋㅋ,2,2
652,이유진,열쪙열쪙열쪙!!!,0,0
653,JIEUN LEE,썬그리 각성 킹받네ㅋㅋㅋㅋ,0,0
654,냥냥펀치,"여기가거기군밤아 이런거 마이 바라 ,♡",1,1
655,진미채,1:08:02 가식과 1:08:13 진심 그 사이,0,0
656,XIIA Kim,3:00:00 정광용이 인성 문제있어 ㅋㅋㅋㅋㅋㅋㅋㅋㅋㅋㅋㅋ 진짜 최애파트다,3,3
657,Sj ``,다큐다..,0,0
658,Sarah Wang,3:24:21딜라일라 미친ㅋㅋㅋㅋㅋㅋ,33,33
659,냐무,누가 우리집 비디오 틀어놓은 느낌이다...,0,0
660,1일다이어터 1daydieter,시작할때마다 손가락하트 하는거 진짜 미치겟네 ㅋㅋㅋㅋㅋㅋㅋㅋㅋㅋㅋㅋㅋㅋㅋㅋㅋㅋㅋㅋㅋㅋㅋㅋ,133,133
661,고키ㅣ데뷔존버계정,손가락 하트를 하는건지 총을 쏘는건지 모를 저손ㅋㅋㅋㅋㅋㅋㅋㅋㅋㅋㅋㅋㅋㅋㅋㅋㅋㅋ,2,2
662,Chloe Kim,54:43 화해의 빨간바가짘ㅋㅋㅋㅋㅋ,4,4
663,3년 전 • 26년 전 • 3시간 전,뭘 계속 그렇게 볼수있다는거얔ㅋㅋㅋ,0,0
664,춘식,1:40:31 당뇨있어서 안된다면서 야금야금 다먹었엌ㅋㅋㅎㅋㅎㅎㅋㅋㅋㅋ,1,1
665,박하늘공주,44:19   책갈피1:36:39,4,4
666,행복한어피치,23:11 열정,56,56
667,아무나하는유튜브,진짜 페이소스 살아 있는거봐ㅠㅠ 역작이다ㅠㅠ,0,0
668,민초단장,50:41 택조랑 밥 한끼먹고싶다,0,0
669,May Park,세수할때 귀닦는게 왜이리 웃기지? 아..ㅋㅋㅋㅋ ㅋㅋㅋㅋ,0,0
670,냥냥,광용이는 약간 맹구포지션ㅋㅌㅋㅋㅋㅋㅋㅋㅋㅋㅋㅋㅋㅋㅋㅋㅋ,0,0
671,귀찮게또,2:23:38 찐 어른들 특ㅋㅋㅋㅋㅋㅋㅋㅋ 골치 아프다고는 하는데 잘 들어보면 자식 자랑임,436,436
672,피콜로,광용 아저씨 크림빵 사왔다가 구박당하는거 왜키 귀엽노ㅋㅋㅋㅋㅋㅋㅋ,42,42
673,박또릴,한쪽 코막고 코푸는 거 진심ㅋㅋㅋㅋㅋㅋㅋㅋ아저씨들 특유행동,0,0
674,송준,55:48 광용쌤 숨겨왔던 목소리,1.5천,1500
675,지누티,너무. 웃겨서. 허파 히뜩~ 디집어지긋다!,0,0
676,솜솜,3:07:43 아 여기서부터 개웃김 ㅋㅋㅋㅋㅋㅋㅋㅋㅋㅋㅋㅋㅋㅋㅋㅋㅋ3:07:433:08:28 ㅋㅋㅋㄲㅋㄱㅋㄱㅋㅋㅋㄱㅋㄱㅋ3:08:28,10,10
677,퀘이보,1970 미국 꿈에서도 나오것네,0,0
678,MINE,한사랑 산악회 X 둘째이모 김다비 님오셔서 같이 콜라보 한번ㅋㅋㅋㅋㅋ,39,39
679,노인정,41:34 43:44 46:06 한사랑 산악회 올타임 레전드 열받은 쌔앙쥐의 반란,0,0
680,JIN B,이호창 소개팅 보고 이거 보니까 현타온다,0,0
681,허민수,아시바 이회장 얼굴 잡는 중간에 카메라 위치 내리는거 존나웃겨,9,9
682,혬니,10:44초  레알   밖에 휴지없을때  코푸는 아재들  찐이다;;,0,0
683,요리요 Simple cooking,썸네일 뭐얔ㅋㅋㅋㅋㅋㅋ홀린듯이 들어와따ㅋㅋㅋ,1,1
684,주짓광,2:50:38 조선시대 때 이후로 한양 집값은 한번도 떨어진 적이 없어 ㅋㅋㅋㅋㅋㅋㅋㅋㅋㅋㅋㅋㅋㅋㅋㅋㅋㅋ,162,162
685,송준,43:51 광용쌤 웃참 딱걸렸지 그냥,345,345
686,Jin Hyun,하 고장난벽시계ㅋㅋㅋㅋㅋ옴마가 맨날 들어ㅠㅠ,2,2
687,PING,35:27...?!?!?? 계양산?!?? 우리동네자나??!?! ㅠㅠㅠ,5,5
688,안숨니,아닌ㅋㅋㅋㅋㅋㅋㅋㅋㅋㅋㅋㅋㅋㅋㅋㅋㅋㅋㅋㅋㅋㅋㅋㅋ진짜 ㅋㅋㅋㅋㅋㅋㅋㅋㅋㅋㅋㅋ너므웃곀ㅋㅋㅋㅋㅋㅋㅋㅋㅋㅋㅋㅋㅋㅋㅋㅋㅋㅋㅋㅋㅋㅋㅋ중간에 광고 나오는것도 웃겨,2,2
689,서해감자,은근 재밌네 ㅎ,1,1
690,마파람,배우보다 연기 잘하는거 같음 ㅋㅋㅋㅋ,52,52
691,김하은,3:10:37 여기서 부터 개웃기네ㅋㅋ,176,176
692,델리얀리,이거 와이리 재미있노!  허파 뒤집어지겠네 진짜 레전드다,3,3
693,승우 김,난 이영상이 3시간 반짜리 인지 이제 알았네,0,0
694,JY,검은 갓 쓴 넘을 몇번을 본지몰라 ㅋㅋ빵터짐 ㅎ 진짜 리얼 ㅋ,7,7
695,_____.486.h_h.____ _,영상 담아갑니다 ^^,0,0
696,ㅇㅇ,형들 생각해 봤는데 이렇게 살아도 딱히 이질감 안들거 같은데,43,43
697,게임찍먹러 정베디,1:18:18 ㅋㅋㅋㅋㅋㅋㅋㅋㅋㅋㅋ 윙크 제대로 못 해서 입꼬리도 같이 내려가는 거 뭐야 ㅋㅋㅋㅋㅋㅋㅋㅋㅋㅋ,473,473
698,짜장,아 미치게따진짜 ㅋㅋㅋㅋㅋㅋㅋㅋㅋㅋㅋㅋㅋㅋ 부회장이자나!! 부회장인데 만삼처넌 ㅋㅋㅋㅋ 그냥가뿌 ㅋㅋㅋ앜ㅋㅋㅋㅋㅋㅋㅋㅋㅋ,2,2
699,Meimei메이메이,개웃곀ㅋㅋㅋㅋㅋㅋㅋㅋㅋㅋㅋㅋㅋㅋㅋㅋㅋㅋㅋㅋㅋㅋㅋㅋㅋㅋㅋㅋㅋㅋㅋㅋㅋㅋ아진짴ㅋㅋㅋㅋㅋㅋㅋㅋㅋㅋㅋㅋㅋㅋㅋㅋㅋㅋㅋㅋㅋㅋㅋㅋㅋㅋㅋㅋㅋㅋㅋㅋㅋㅋㅋㅋㅋㅋㅋㅋㅋㅋㅋㅋㅋㅋㅋㅋㅋㅋㅋㅋㅋㅋㅋㅋㅋㅋㅋㅋㅋㅋㅋㅋㅋㅋ세수할때 르아어아러아으ㅏ빠퍄!!! 하는거존나ㅜ아 디테일 젠장할 개웃겨 아,5,5
700,Amanda Moon,1:46:35 ㅋㅋㅋㅋㅋㅋ 아 ㅋㅋㅋㅋㅋㅋㅋㅋㅋ 미국 아쟄ㅋㅋㅋㅋㅋㅋㅋㅋㅋ 싱크로율ㅋㅋㅋㅋㅋ,1,1
701,쭈뼛,3시간짜리 영화다..,2,2
702,호듀,일요일 가짜사나이도 좋지만 난 가짜아저씨도 좋아...,222,222
703,김재관,8:38 귀뒤로 손가락 디테일 진짜 좆된다 ㅋㅋㅋ 와 이거 도대체 진짜 누가 기획하고 고증하는거냐 ㅋㅋㅋ,544,544
704,그런데미안,25:20 아니 어쩔꺼야 ㅠㅠ 미치겐네 ㅋㅋ,1,1
705,christie- H,2:10:23 슬퍼도 귀뒤는 닦는다 오타 조심,0,0
706,lily oh! lily,열쩐! 열쩐! 열쩌어어어엉!,0,0
707,행복만땅,처음엔 아재들 유투브 찍었나 대개 시끄럽네 했는데 추천이 2만? 모지? 하다보니 보다보니 나도 추천 누름ㅋㅋㅋㅋㅋ아진짜웃기넼,6,6
708,Hahihuheho,03:23:03 아저씨들 사람 부를때 개똑같앸ㅋㅋㅋㅋㅋㅋㅋㅋㅅㅂㅋㅋ,1.6천,1600
709,Gainfjsjaiw,3:26:46 제일 착한데 겁나길어ㅋㅋㅋㅋㅋ,11,11
710,Sifiw Er,56:45 가죽 케이스 닫는거 개찰지네ㅋㅋㅋㅋㅋㅋㅋㅋㅋㅋㅋㅋㅋㅋㅋㅋㅋㅋㅋㅋㅋㅋㅋㅋㅋㅋㅋㅋㅋㅋㅋㅋㅋㅋㅋㅋㅋㅋㅋㅋㅋㅋㅋㅋㅋㅋㅋ,47,47
711,당근,영남회장 모자벗으니 확젊어지네 ㅋㅋ,2,2
712,PY W,1:47:47 여기서 제물포는 ‘쟤 때문에 물리 포기했어’의 줄임말입니다,716,716
713,보고시픈사람,김영남 아저씬 왜 자꾸 김신영씨 이모가 생각나는 걸까요? ㅋㅋ,1,1
714,최보윤,"진짜 돈 내고 봐야될것같다,,,,너무 웃기다",24,24
715,김미현,정 광자 용자 ㅋㅋㅋㅋㅋ미쳐,0,0
716,바보개,옆의아저씨들과 전혀 의심없이 같이 어울려지는거 개웃기네. 누가 이사람들을 30대로 보겟냐곸ㅋㅋㅋㅌㅋㅋㅋㅋ,19,19
717,귀찮,아니 50대 인데 용길 사장님 70년대에 미쿡 생활해서 뭐 어쨌단 얘긴 안 맞자나요 ㅜㅜ 계산해보면 용길 사장님 애기때잖아요 1970년대는 ㅜㅜ,0,0
718,민트맛얼큰순대국,우울할때 내가보려고만든거43:45 46:29,0,0
719,스톤콜드,ㅋㅋㅋㅋㅋ 통닭에 골뱅이에 소주 20대 후반부터 알수있는 맛이지,0,0
720,GOD구,한사랑산악회 안본새끼가 이세상에서 젤부럽다 축복받은놈들;;3시간동안 천국갓다올수잇는넘들 하,355,355
721,벼랑위의포도,"1:54:47 영남회장이 보스는 사람들을 앞으로 내몰고 본인이 뒤로 가고 리더는 본인이 앞장서는게 리더라고 그랬었는데,,, 혹시 복선,,?",0,0
722,투명인간 이장수,30:30 ㅋㅋㅋㅋㅋㅋㅋㅋㅋㅋㅋㅋㅋ연기 잘하시다,6,6
723,아젤라,5호선인데에 몇번 출구인지말 안해넘웃겨,0,0
724,우헤헤,아부지들 노시는거 엿보는 기분ㅋㅋㅋ,0,0
725,치팅치팅쵸쵸,어떻게 열정회장님이 임키냐고....,2,2
726,파란하늘,43분부터 킬포 터진다 ㅋㅋㅋㅋㅋㅋㅋㅋㅋㅋㅋㅋㅋㅋㅋ 욕하는거랑 티셔츠 벗어재끼면서 씨우는거랑 말리는거랑 말리다 넘어지는거랑 ㅋㅋㅋㅋㅋㅋㅋㅋㅋㅋㅋㅋㅋㅋㅋㅋㅋㅋㅋㅋㅋㅋㅋㅋㅋㅋㅋㅋㅋ 나 운다 울어 ㅋㅋㅋㅋㅋㅋㅋㅋㅋ,20,20
727,이경민,위험하게 아무 풀이나 먹으면 어떡해요 ㅠㅠ,0,0
728,DDororong,26:44 ㅋㅋㅋㅋㅋㅋㅋㅋ 울아빠인줄,41,41
729,핫초코,2:52:54즌한길 샘 등장,1,1
730,김건우,16:40 내 타임라인,0,0
731,S*쪼롱이,나 이거 왜 보고 있는겨 ….  재밌네 …,0,0
732,ket ro,"0:17 모과 몇알과 커피콩주머니, 염주 기대 했은데요. 조금 아쉽은건은 어쩔수업네요.",747,747
733,ㅇㄹㅌ,1:31:23 전화 안끊는거 국룰ㅋㅋㅋ큐ㅜㅜㅜ,3,3
734,박희명,50:27 이거 실제로 여러번 본 건데 ㅋㅋ,3,3
735,Dogun Lee,책갈피  1:55:24,0,0
736,묘목,드라마다 진짜ㅜ,0,0
737,헤헷,저거 싫어요 누른사람은 리얼 찐 50대아저씨일듯ㅋㅋㅋㅋ,2,2
738,비비,2:01:09 잔망,641,641
739,NEO🦊,2:25:04 가마 6개 드립ㅋㅋㅋ,0,0
740,빵빵이,치킨크림빵 개쳐웃겨ㅠㅠㅠㅋㅋㅋㅋㅋㅋㅋㅋㅋㅋㅋㅋ,0,0
741,Julie Kim,34:19 8:33 30:40,0,0
742,IllIlI,32:36 오이냉국을 왜 끓여 ㅋㅋㅋㅋㅋㅋ,867,867
743,pengsoo,15:50 bgm몬가요!,0,0
744,빙수망고,아니 진짜영남회장ㅋㅋㅋㅋㅋㅋㅌㅋ미친거아니냐곸ㅋㅋㅋㅋㅋㅋㅋㅋ악마의 재능이닼ㅋㅋㅋㅋㅋㅋㅋㅋㅋㅋ,100,100
745,ss_uu,38:41 왜케 뒤집어진 콩벌레같냐ㅋㅋㅋㅋㅋㅋㅋㅋㅋㅋㅋㅋㅋㅋ,1.4천,1400
746,CI CI,아 55:50 왜 다들 언급 안하냐곸ㅋㅋㅋㅋㅋㅋㅋㅋㅋㅋㅋㅋㅋㅋㅋㅋ 평소에 조용하고 숫기 없는 아저씨들 꼭 술 먹으면 저러는 것까지 진짜ㅋㅋㅋㅋㅋㅋㅋㅋㅋㅋㅋㅋㅋㅋㅋㅋㅋㅋㅋㅋㅋㅋㅋㅋㅋㅋ 캐릭터분석 도대체,0,0
747,이얏호응,ㅋㅋㅋㅋㅋ어우 시끄렄ㅋㅋㅋㅋㅋㅋㅋㅋ 쩌렁쩌렁ㅋㅋㅋㅋㅋㅋㅋ,0,0
748,김연아,11:22 부터ㅋㅋㅋㅋㅋㅋㅋ 웃김,16,16
749,Dogun Lee,책갈피  2:19:54,0,0
750,루미,진짜 바가지 깨진게 개웃기네ㅋㅋㅋㅋㅋㅋㅋㅋㅋㅋㅋㅋ,17,17
751,찹쌀떡애긩이,몸매부터 이미 진짜임ㅋㅋㅋㅋ 회장님 김신영이모님이랑 같이 대화하셔도 꿈잼일듯~~,0,0
752,마카롱여사,용길아재는 김구라랑 목소리씽크가 거의똑같다요ㅋㅋ,0,0
753,jellyfish,초반부터 웃기네 ㅋㅋ,0,0
754,최지욱,23:20 광용쌤 왤케 작아짐.........,0,0
755,Bazirock Karlguksu,항샤랑 샤낰쾌~ 율쪙! 율쪙! 율쪙~!!!,0,0
756,검느,"친구여 !법정스님나이가 들면설치지 말고 미운소리 우는소리 헐뜯는 소리그리고 군 소리.불평일랑 하지를 마소 알고도 모르는 척 , 모르면서도 적당히 아는척어수록 하소그렇게 사는 것이 평안하다오친구여!상대방을 꼭 이기려고 하지 마소적당히 져 주구려한걸음 물러서서 양보하는것그것이 지혜롭게 살아가는 비결이라오친구여!돈, 돈, 욕심을 버리시구려아무리 많은 돈을 가졌다해도 죽으면 가져갈 수 없는것많은 돈 남겨 자식들 싸움하게 만들지 말고살아있는 동안 많이 뿌려서 산더미 같은 덕을쌓으시구려친구여!그렇지만 그것은 겉 이야기정말로 돈은 놓치지 말고 죽을 때까지 꼭 잡아야 하오옛 친구를 만나거든 술 한 잔 사주고불쌍한 사람 보면 베풀어주고손주 보면 용돈 한 푼 줄 돈 있어야늙으막에 내 몸 돌봐주고 모두가 받들어 준다오우리끼리 말이지만 이것은 사실이라오그 저녁무렵부터 새벽이 오기까지...",89,89
757,DONGBIN SHIN,55:44 광용쌤 취해서 말 존나 많이 함 ㅋㅋㅋㅋㅋㅋㅋㅋㅋㅋㅋㅋㅋㅋㅋㅋㅋㅋㅋㅋㅋㅋㅋㅋㅋㅋㅋㅋ,128,128
758,김현성,44:00 던지는줄알고 쪼는거 개웃기네,70,70
759,금씨,재미져ㅎ,0,0
760,스폰지밥팬티,08:32 ㅋㅌㅌㅌㅋㅌㅋㅌㅌㅋㅌㅊ개뿜엇네,1,1
761,애연가,난 배용남 아버지라고 이름이 배용길인게 ㅈㄴ 웃김 ㅎㅎㅎ,1,1
762,손님,김영남 아저씨 처음에는 한사랑 산악회라고 발음하네 젤 최근거에서는 한샤량 샨악해 라고 발음하자나ㅋㅋ,76,76
763,"이로운이정표YOUTUBE TV,이로운채널",32:41 오이냉국도 끓여먹나요  ㅋㅋㅋ조크인가요!!,0,0
764,조선총독윤틀러,광용 쌤 당뇬데 맨날 술먹음 ㅋㅋㅋㅋㅋㅋㅋㅋㅋㅋㅋㅋㅋㅋㅋㅋㅋ,0,0
765,Dogun Lee,책갈피  2:02:54,0,0
766,까칠이덕후,ㅋㅋㅋㅋㅋㅋㅋㅋㅋㅋㅋㅋㅋㅋㅋㅋㅋㅋㅋㅋㅋ다큐다 이건,1,1
767,한승준네시스,28:32 내일다시봐야지,0,0
768,뭉뭉뭉,절단났다는 표현 존나 소름돋앜ㅌㅌㅋㅋㅋㅋㅌㅌㅋ고증 미쳤누,20,20
769,비부바,초반 이택조 사투리 어색한거 개웃기네 ㅋㅋㅋㅋㅋ,0,0
770,윤도운이랑 재혼한강영현의 이혼녀,27:25 나중에 또 봐야지...,1,1
771,포메라니안 모카,"1:05:45 광용쌤,혁이 연기하는 분 한명아니에요?",1,1
772,9 cw,1:50:50 어떻게 맨날 밥만 먹어요 물론 소주는 매일 먹어요 ㅋㅋㅋㅋㅋㅋㅋㅋㅋㅋㅋㅋㅋㅋㅋㅋㅋㅋ,0,0
773,악티늄,소떡소떡이 원래 소세지 먹고 떡 먹고 그런 음식이였나..,0,0
774,동쪽,34:19 이렇게 앙칼지게 약수타에서 씻는 사람 첨봄,100,100
775,권도훈,18:41 택도 없다는말이 택조가 없다→ 택조는 재미가없다→ 택조는 웃기지도 않는다→ 웃기지도 않다 라는 말에서 유래가 됐다고 들었는데 맞나요?,1,1
776,lee라키아,1:37:03 자기주장 똥꼬집 있는거 빼박 오십대 아저씨 ㅋㅋㅋㅋㅋㅋㅋ,3,3
777,생활인:Multi person,ㅋㅋㅋㅋㅋㅋㅋㅋㅋ웃긴게 ㅋㅋㅋ 지나가다가 그냥 일반 산타는분들이 꽁트라고 1도 생각을 못하시는지 ㅋㅋㅋㅋㅋㅋㅋㅋㅋ쳐다보는사람들이 한명도 없음 ㅋㅋㅋㅋㅋㅋㅋㅋㅋㅋㅋㅋ,0,0
778,Grace L,3:23:00 무슨 사람을 귀신쫓듯이 불러욬ㅋㅋㅋㅋㅋㅋㅋㅋㅋㅋㅋㅋ,2,2
779,초코린이,처음 봤는데요....  TV 진짜 재미없다는걸 느끼게 해주네요,1,1
780,Ken R,이택조: 왜 나만말려!!!!!!!!! ㅋㅋㅋㅋㅋㅋㅋㅋㅋㅋㅋㅋㅋㅋㅋㅋㅋ,37,37
781,C,1:46:21 ㅋㅋㅋㅋㅋㅋㅋㅋㅋ택조 팔 왤케길어 ㅋㅋㅋㅋㅋㅋ,0,0
782,포리프,34:27 2:10:07 ㅋㅋㅋㅋㅋㅋㅋㅋㅋㅋㅋㅋㅋㅋㅋㅋㅋㅋㅋㅋㅋㅋㅋㅋㅋㅋㅋㅋㅋㅋㅋ,0,0
783,Spring dayz,엄마 보여줬더니 아빠들 노는거랑 똑같다고 짜증나신대욬ㅋㅋㅋㅋㅋㅋㅋ,733,733
784,Bora Kim,일하는 게 쉬는거야.. ㅋㅋㅋㅋㅋㅋㅋㅋㅋ,1,1
785,glen lee,아씨 썸네일 부터 터졌어 ㅋㅋㅋㅋㅋㅋㅋ,0,0
786,안성수,3시간짜리 ㅋㅋㅋㅋㅋㅋㅋㅋㅋㅋㅋㅋㅋㅋㅋㅋㅋ 이젠 하다하다 영상 시간으로 웃기넼ㅋㅋㅋㅋㅋㅋㅋㅋ,45,45
787,jj,3:05:51 ~ 3:07:24 광용쌤 입가에 크림 언제 닦으실 예정인 지...,1,1
788,승식,3:08:11 광용센세의 싸이버거....,0,0
789,h여진,영남회장님 패트와 매트 닮으셨어요,1,1
790,애옹,34:24 우리 아빤줄ㅋㅋㅋㅋㅋㅋㅋ,0,0
791,fromt_90,우리동네 뒷산이다!ㅋㅋㅋㅋㅋㅋㅋㅋㅋ,0,0
792,Enoch kim,30:41 이판사판싯팔!한판!오늘밤이다 씟팔!!!!!,521,521
793,최혜미,43:00 꿀잼 배꼽실종,0,0
794,김꼬비,43:00 바가지깨짐_회비 싸움,0,0
795,애옹,3:03:03 귀여워,0,0
796,하고잽이,43:00 싸우는거 왜 이야기하는 사람이 음슴 ㅠㅠㅠ와...배잡앗는데ㅠㅠ택조아재 웃통 까는거 왜ㅜㅜㅜㅋㅋㅋㅋ왜이야기하는사람이없노ㅜㅜㅜㅋㅋ,1,1
797,진미채,1:13:15 - 1:14:04,0,0
798,thitnsa,8:32 아 진짜 개웃기넼ㅋㅋㅋㅋㅋㅋㅋㅋㅋㅋㅋㅋㅋㅋㅋㅋㅋㅋㅋㅋ 중년 싱크로율 뭐야,18,18
799,Quokka,8:57 부터 ㅋㅋㅋㅋㅋㅋㅋㅋ미국아재 C.O.N,7,7
800,김동건,30:40랩핑 오지네오;;;;,6,6
801,CHS _,와 뭐야 이거 3시간 짜리잖아 다들 이거 노스킵으로 보고있는거야?,4,4
802,이서빈,1:47:45 이거 진짴ㅋㅋㅋㅋ 다른학교에도 있구나 ㅋㅋㅋㅋㅋㅋ 쟤때매 물리 포기 ㅋㅋㅋㅋ,2,2
803,산타는 시윤쌤,히히히 너무 재밌다. ㅎㅎ ㅠ,1,1
804,배용길S2,"할일없는 할리데이,   그랜드 프레젠트 쌩Q !",972,972
805,박지민,3:07:432:17:28,0,0
806,야로리빠빠,근데 아저씨들 나이에 비해 머리숱 진짜 많으시다 택조아저씨는 염색도 하셨는데 빽빽하시네ㅋㅋㅋ,3,3
807,김우진,1:49:10 이거보러매일옴41:50,88,88
808,Whistle,영남 회장님 그때 집을 팔았어야....,0,0
809,뽀뽀통통이네,"엄마한테 재밌다고 보내드렸더니,,,이게 왜 웃기냐고 하심.그 이유는 그냥 주변에서 하두 많이 본 광경이라 그렇다고 하심ㅋㅋㅋㅋ중요한건 이 네분이 실존 아저씨들인줄 아셨음:::;;;;;;;",0,0
810,미야우,미국 아저씨는 배우 같아안웃기고 감탄중..,99,99
811,몬태규,100만 됏네ㅠㅠㅠ,0,0
812,고얌미,아진짜미친거아니냐고 ㅋㅋㅋㅋㅋㅋㅋㅋㅋㅋㅋㅋㅋㅋㅋㅋㅋㅋㅋ 아존나웃겨 ㅋㅋㅋㅋㅋㅋㅋㅋㅋㅋㅋㅋㅋㅋㅋㅋㅋㅋㅋㅋㅋㅋㅋㅋㅋㅋㅋㅋ,5,5
813,구구콘,23:41 도랐ㅋㅋㅋㅋㅋㅋㅋㅋㅋㅋ 찐 아저씨재질ㅋㅋㅋㅋㅋㅋ,3천,3000
814,대박사건,유튜브 볼거없으면 걍와서 이거틀고 있네 나중독인가?;;,1,1
815,알로하,소리만 들어도 너무 웃김,0,0
816,사랑고기,5:57 인솅발음레전드 나 중딩때 담임선생님같음 ㄹㅇ,104,104
817,유튜브중독,2:53:10 이때 집 팔았어야 했는데…,1,1
818,엘노니,왜 자꾸만...보게되는거지..?,0,0
819,김.,3:04:45 무슨 진짜 50대들이 하는 소리를 하고 있엌ㅋㅋㅋㅋㅋㅋ,566,566
820,요가천재,영남과 택조 화해하면서 바가지 선물하는거ㅋㅋㅋㅋㅋㅋㅋㅋㄱㅋㄱㅋㅋㅋ왜 이리 비싼걸샀어ㄱㅋㅋㅋㅋㄱㅋㄱ,95,95
821,Anonymous Lee,김영남 회장님... 다비이모 남편으로 추정....,79,79
822,애월,회장 나올때 마다 볼륨 내렸다가 다시 올리는사람,195,195
823,앙잉응잉,34:20 ㅋㅋㅋㅋㅋㅋㅋㅋㅋㅋㅋㅋㅋㅋㅋㅋㅋㅋ진짜 구라안치고 20번봣닼ㅋㅋㅋㅋㅋㅋㅋㅋㅋㅋㅋ,52,52
824,밥콩알,스fho~~~쓰맨 ㅋㅋㅋㅋㅋㅋㅋ발음 자체가 찐이다40:53,2.6천,2600
825,오이당근,26:44 저 바가지 왜 맨날 들고다니나 했더니 텀블러였구나,2.9천,2900
826,Enoch kim,3:10:52 광용아 임마악!!!!!!!!!이거먹..이익..!먹으면안돼!!!,808,808
827,Amber Park,아니 이거 다음 동영상 추천에 왜 아줌마아저씨 신나는 트로트 실시간 스트리밍 뜨냐곸ㅋㅋㅋㅋㅋㅋㅋㅋㅋㅋㅋㅋㅋㅋㅋㅋㅋㅋㅋㅋㅋㅋㅋㅋㅋㅋㅋ 나도 허리에 라디오 매고 터로터 덜으면서 산뽀 가야되는긴가,17,17
828,유녜신,ㅋㅋㅋㅋㅋㅋㅋㅋㅋㅋㅋㅋㅋㅋ난 빨간옷입은 아저씨가 젤 웃김 ㄴㅋㅌㅋㅋㅋㅋㅋㅋㅋㅋㅋ 말할때 입 술 없어지고 인생도 인솅이고 ㅅㄲ도 꼭 쎼끼여야함 ㅋㅋㅋㅋㅋ,359,359
829,구복현,김영남회장님. 약간. 다비이모 비슷..,41,41
830,JennaKim,55:57 아 여깈ㅋㅋㅋㅋ못먹어 이러는줄알았는데 노모어 노모어 드링크야 하는거였구나 ㅋㅋㅋㅋㅋㅋㅋㅋㅋㅋㅋㅋㅋㅋㅋㅋㅋㅋㅋㅋㅋㅋㅋㅋㅋㅋㅋㅋㅋㅋㅋㅋㅋ,165,165
831,WON,1:47:40쟤 때문에 물리 포기라서 제물포네 ㅋㅋㅋㅋㅋㅋㅋㅋㅋㅋ 아 진짜 너무 현실적이네 ㅋㅋㅋㅋ,2천,2000
832,김유정,4:03 1:08:06 택조 아재 뒷담까는거 개웃기넼ㅋㅋㅋㅋㅋㅋㅋㅋㅋㅋㅋㅋㅋㅋㅋㅋㅋㅋㅋㅋㅋㅋㅋㅋㅋㅋㅋㅋㅋㅋㅋㅋㅋㅋㅋㅋㅋ,47,47
833,Peko,"3:13:12 ㅋㅋㅋㅋㅋㅋㅋㅋㅋㅋㅋㅋㅋㅋㅋㅋㅋㅋ 아닠ㅋㅋ 왜 ㅋㅋㅋㅋㅋㅋㅋㅋㅋㅋㅋㅋ부르는게 ""어잌! 에잌! 에~~~ㅋ 에이!! "" ㅋㅋㅋㅋㅋㅋㅋㅋㅋㅋㅋㅋㅋㅋㅋㅋㅋㅋㅋㅋㅋㅋㅋㅋㅋㅋㅋㅋㅋ진짜 저래요 ㅋㅋㅋㅋㅋㅋㅋㅋㅋㅋㅋ?",990,990
834,예찌찡,42:50 택조 vs 영남회장,115,115
835,df sks,8:33 개쌉리얼 아니냐고요오 ㅋㅋㅋㅋㅋㅋㅋㅋㅋ,51,51
836,성욱티비,1:50:39ㅋㅋㅋㄱㅋㅋㅋㅋㅋㅋ,48,48
837,안진현,한사랑 산악회 몰아보기 ?“ 올게 왔다.. “,22,22
838,배민규,3:29:38,24,24
839,므앙,1:57:48 아 ㅋㅋㅋㅋㅋㅋㅋㅋ 모자로 정자 닦는 거 ㄹㅈㄷ ㅋㅋㅋㅋㅋㅋㅋㅋ 진짜,870,870
840,Robin K,아이씨팔 진짜 지루할 틈이 없네 ㅋㅋㅋㅋㅋㅋㅋ,28,28
841,정혜진,48:31   뭘참아 내가참는거지이잇!,847,847
842,captian,아니 ㅋㅋㅋㅋㅋㅋㅋㅋㅋㅋ 카메라 줌 잡는것도 ㅋㅋ진심 울아빠 찍은것같음 진심 울아빠 이렇게 찍음,20,20
843,김닭딹,3:07:39 ㅋㅋㅋㄱㅋㅋㅋㅋㅋ,37,37
844,세라에게 정진 SRJJ Couple,그냥 가는 거야 ><,1천,1000
845,양덕규,49:35 으아아아아아앜,155,155
846,Js K,추석 영화? 어림도 없지바로 ‘한사랑산악회’,26,26
847,김지원,34:18 ㅋㅋㅋㅋㅋㅋㅋㅋㅋㅋㅋㅋㅋㅋㅋㅋㅋㅋㅋㅋㅋㅋㅋㅋㅋㅋㅋㅋㅋㅋㅋㅋㅋㅋㅋㅋㅋㅋㅋㅋㅋㅋㅋㅋㅋㅋㅋㄴㅋㅋㅋㅋㅋㅋㅋㅋㅋㅋㅋㅋㅋㅋㅋㅋㅋㅋㅋㅋㅋㅋㅋㅋㅋㅋㅋㅋㅋㅋㅋㅋㅅ 1발ㅋㅋㅋ,25,25
848,검지손가락,55:54 이거 아무리 봐도 오바가 아니라 찐텐 아저씨야ㅋㅋㅋㅋㅋㅋㅋㅋㅋ,608,608
849,쀼쀼,ㅋㅋㅋㅋ엄마한테 맘에드는아저씨골라봐 했더니 한참보는데도말이없으심 ㅋㅋㅋ없어? 하니까 어...ㅋㅋ나이맞춰보라니까 한..50???ㅋㅋ,26,26
850,이연서,1:46:00 발에다 물 담그자고 이거 왜 아무말도 없지ㅋㅋㅋㅋㅋㅋㅋㅋㅋㅋㅋㅋㅋ이제 이런거쯤은 익숙한건가,49,49
851,김계원,직영점2개 대리점3개 할수있는 사람은 본사회장밖에 없는데,0,0
852,수헬리베,아버지 보고싶다,0,0
853,ㅇㅇ,와 미친,0,0
854,Xxdr J,"1:50:38 도약인줄 알았는데 추락이었어,,",0,0
855,ihockey_prospect,시간 가는줄 모르겠네 ,0,0
856,서지웅,다른산악회 전단지땜에 싸우는와중에 전단지 사진찍고 있음 ㅋㅋ,1,1
857,호루망,개재밋네 ㅋㅋㅋ,0,0
858,花,ㅅㅂ 택조 독재하는거 ㅈㄴ웃기네ㅋㅋㅋㅋ옷 스타일도 유격 조교같누,1,1
859,김응모,70년도에 혼자 미국으로 건너간거면 용길 아재가 아니라 할배였네,0,0
860,진미채,영남회장이랑 택조 소리에 산도 놀래서 메아리 안울리나 보다,0,0
861,나나나,2:10:003:08:00,0,0
862,김마이노,개콘이 망한이유가 여기있었네ㅋㅋㅋㅋㅋ,0,0
863,갈릭보끔밥,정기산행은 모르고 증기샨행은 압니다만...,0,0
864,Triple,아 아빠생각나욬 ㅜㅜㅜㅜㅋㅋㅋㅋㅋㅋㅋㅋㅋㅋㅋㅋ,0,0
865,효리야내가기타쳐줄게,나 내일 시험인데... 이거 보고 있다,1,1
866,D.PAPA,나라가말이여 이래서는 안되는거란 말이여 요즘 젊은놈들 욜로니 뭐니해쌌고 저축을 안해 저축을이래서야 되겠냐는 말이여우리때는 말이여 자식들 가르치고 먹이고 다해도 저축 다 하고 살았어 그래도 남았다 이말이여 그걸로 집사고 애들 교육시키고 다했어 이거 왜이래,1,1
867,이채민,나요세 이거 없으면 잠못잠,3,3
868,윤준서,41:24 부산항구,0,0
869,흐흫,택조 아저씨 제이호 닮았어,0,0
870,허니잼,콧물 손안대고 푸는거...아저씨들 찐...,1,1
871,슾흐,책갈피 1:54:28,1,1
872,몽실언니,"형, 어깨 아파요ㅋㅋㅋㅋ",0,0
873,Korngoldberg,아재판 오피스 보는 너낌 ㅋㅋㅋㅋ,4,4
874,Jaein H,나 피식대학 입학 하여  열라 시청해서리 장학금 확보ㅋ ㅋㅋㅋㅋㅋ,0,0
875,앙냥냥,혹시 썸네일 폰트 아시는 분 계신가요 ㅠㅠ,0,0
876,Yeol14,저 회장 말투 내가 해군훈련소에서 들었던 DI말투랑 비슷해...,0,0
877,바다,뱃살이랑 승모근 너무 현실고증,0,0
878,the beginning alcoholic,나도 나이 먹었네  ㅅㅂ 택조 연기 보면서 무슨  눈에서 물이 나오냐...참  나~,0,0
879,김두유,다비이모 나와주라 쥼말,0,0
880,Andrew,1:50:55지랼을 한다 지랼을해,0,0
881,rieiknaari EHR,"아재들 특이점.이야기할때 년도 꼭외우고,다리한쪽은 항상 바위같은데 올려놓고 이야기함",0,0
882,21 20,하수궄ㅋㅋㅋㅋㅋㅋㅋㅋ10:33,0,0
883,ᄋᄋ,이 영상을 백현이가 좋아합니다,0,0
884,김용균,01:05:21 유튜브보다 잠들었는데 일어나보니 여기에요,0,0
885,개좁밥tv,"""각반""...존닠ㅋㅋㅋㅋㅋㅋㅋ..",0,0
886,soju,진짜 영화네,0,0
887,민덩더렁,8:4752:09,0,0
888,지야,ㅋㅋㅋㅋㅋ 택조아재요,0,0
889,bleu noir,배용길이 그래도 욕도 안하고 제일 젠틀하네~~ 미국 살다온거 허세가 좀 있어서 그렇지.... ㅎㅎㅎ,0,0
890,이종수,1:45:59 ㅋㅋㅋㅋㅋㅋㅋㅋ 발에다 물 담그자 !,1,1
891,ᄀᄅᄅᄅ,썸네일 개터졌네 ㅋㅋㅋㅋㅋㅋㅋㅋㅋㅋㅋㅋㅋㅋㅋㅋ,0,0
892,풍선초록,몸매진짜 예술이다.옷은 마트 매대에서 사셨나.교사인데 저렇게 목소리가 작으면..,2,2
893,Bag Hog,2:26:54 ㅋㅋㅋㅋㅋㅋㅋㅋㅋㅋㅋㅋ,0,0
894,Katie,아저씨들 엉터리 손 하트가 웃겨요.ㅋ,0,0
895,KwangYoTerio,만삼천원은  설정이여도 너무했네 ㅋㅋㅋㅋㅋㅋㅋㅋㅋㅋㅋㅋㅋㅋㅋ,1,1
896,햄토니,아니 희노애락이 다 있네. 찐이다 ㅋㅋㅋ,0,0
897,행복한나,34:20 무한반복🫶,0,0
898,낭낭앙낭,차있다면섴ㅋㅋㅋㅋ전부술드시면우째요 ㅋㅋㅋㅋㅋㅋㅋ,0,0
899,영환 이,2:55:50 시팔 눈물 콸콸콸이다 나 내일쉬는데 웃으면서 술먹다가 먹먹했다 근데 더슬픈건 혼술중이다,2,2
900,YoungM Kim,43:50 다 터짐ㅋㅋㅋㅋㅋㅋㅋㅋㅋㅋㅋㅋㅋㅋㅋㅋㅋㅋㅋㅋㅋㅋㅋㅋㅋㅋㅋㅋㅋㅋㅋㅋㅋㅋㅋㅋㅋㅋㅋㅋㅋㅋㅋㅋㅋㅋㅋㅋㅋㅋㅋㅋㅋㅋㅋㅋㅋㅋㅋㅋㅋㅋㅋㅋㅋㅋㅋㅋㅋㅋㅋㅋㅋㅋㅋㅋㅋㅋㅋㅋㅋㅋㅋㅋㅋㅋㅋㅋㅋㅋㅋㅋㅋㅋㅋㅋㅋㅋㅋㅋㅋㅋㅋㅋㅋㅋㅋㅋㅋㅋㅋㅋㅋㅋㅋㅋㅋㅋㅋㅋㅋㅋㅋㅋㅋㅋㅋㅋㅋㅋㅋㅋㅋㅋㅋㅋㅋㅋㅋㅋㅋㅋㅋㅋㅋㅋㅋㅋㅋㅋㅋㅋㅋㅋㅋㅋㅋㅋㅋㅋㅋ,0,0
901,빵뚜기,34:30초 ㅋㅋㅋㅋ 울아빠랑 똑같아 ㅋㅋㅋㅋ,0,0
902,cmj,4:12 12:23 19:32 30:32 40:55 01:08:13 1:19:56 1:21:43 내가 볼려고ㅋㅋㅋㅋ,1,1
903,전형진,컨셉 오지냌ㅋㅋㅋㅋㅋㅋㅋ론나 웃기네,0,0
904,멍구리,"광용쌤 표준어 썼다가 사투리 썼다가 하네,,",0,0
905,소민,3:16:03,1,1
906,뉴민,2:29:40 ㅠㅠㅠㅠㅠㅠㅠㅠ왈칵,3,3
907,리시,끓여주시던 오이냉국..냉국은 안 끓이는데..,0,0
908,문문,영남회장님 ㅋㅋㅋㅋㅋㅋㅋㅋㅋㅋㅋㅋㅋㅋㅋㅋㅋㅋㅋ,0,0
909,이홍규,진짜 개웃기네 싯팔ㅋㅋㅋㅋ,0,0
910,우희수,썸네일미쳤나 ㅋ ㅋ ㅋ ㅋ 𐌅 𐌅 ㅋ ㅋ ㅋ ㅋ 포즈 ㄹㅇ ㅋ ㅋ ㅋ ㅋ ㅋ,0,0
911,이지수,아 자체 슬로우모션 개웃기네 ㅋㅋㅋㅋ,0,0
912,Aurora,자유시간 ㅋㅋ 프리타임  ㅋㅋㅋ,0,0
913,멋진유빈씨,02:10:08,0,0
914,박헌민,1:13:20ㅋㅋㅋㅋㅋ,0,0
915,둥둥,3:14:05,0,0
916,HE-MAN,지...집에서 뭣먹으니까... ㅋㅋㅋㅋ 저건 무슨 컨셉이야. ㅋㅋㅋㅋㅋ,0,0
917,ㅁㅎ,2:10:09,0,0
918,ᄋᄋᄋ,2:57:23,0,0
919,Ri Urill,2:09:52,1,1
920,짜장,43분 ㅋㅋㅋㅋㅋㅋㅋㅋㅋㅋㅋㅋㅋㅋㅋㅋㅋ앜ㅋ ㅋㅋㅋㅋㅋㅋㅋㅋㅋㅋㅋㅋㅋㅋㅋㅋㅋㅋㅇㅋ아 돌아뿌겐네.웃겨뒈지겡네 ㅋㅋㅋㅋㅋㅋㅋㅋ,0,0
921,로렌초이,2:10:07 우울증 치료제,0,0
922,박진성,2:47:17,0,0
923,쫌잘께,3:16:23,0,0
924,똑똑,오피스 마운틴ver 재질,0,0
925,2020,ㅋㅋㅋㅋㅋㅋㅋㅋㅋㅋ카메라 클로즈업 왜이리 웃기냐,8,8
926,최쩡,갱상도인이 볼땐 영남이가 ㄹㅇ임,0,0
927,Swan,3:29:28,0,0
928,김큐큐,제가 잘 몰라서 택조아저씨 저 몸매도 디자인한건가요??? 진짜 우리 뒷집 아저씨랑 너무 똑같은데,0,0
929,우그웨이,법원이 용길이 단골집 ㅋㅋㅋ,4,4
930,내가낸데,2:19:28,0,0
931,花無十日紅,허리에 열쇠뭉치 정도 차 줘야하능거 아녀?움직일때마다 쩔렁쩔렁하는게아저씨 부의 상징이지,0,0
932,굴단,bgm으로 틀어두고 겜하는데 뭐 맨날 싸우는 소리밖에 없냐 ㅋㅋㅋㅋㅋㅋㅋㅋㅋ,0,0
933,북,2:21:53,1,1
934,윰블링블리,광용샘보면 더콰이엇 생각나...,0,0
935,J,zzzㅋㅋㅋㅋㅋㅋㅋㅋㅋㅋㅋㅋㅋㅋㅋㅋㅋㅋㅋㅋㅋㅋㅋㅋㅋㅋㅋㅋㅋㅋㅋㅋㅋㅋㅋㅋㅋㅋㅋㅋㅋㅋㅋㅋㅋㅋㅋㅋㅋㅋㅋㅋㅋㅋㅋㅋㅋㅋㅋㅋㅋㅋㅋㅋㅋㅋㅋㅋㅋ,0,0
936,안희성,3:08:27ㅋㅋㅋㅋㅋㅋㅋ,0,0
937,소민,3:13:07,0,0
938,류우배,2:08:41,1,1
939,광고제거기,3:29:38,0,0
940,김나영,3:29:38,0,0
941,J H,3:29:38,0,0
942,I love UK DRILL 🇬🇧,3:29:38,0,0
943,다영,3:29:38,0,0
944,이현아,3:29:38,0,0
945,안용준,3:29:38,0,0
946,LABONG K,3:29:38,0,0
947,김재회,2:18:16,0,0
948,ᄋᄋᄋ,2:16:51,0,0
949,김가영,9:30 나중에 와서 봐야지..,1,1
950,덕통령,1:46:07,0,0
951,남채은,2:13:29,0,0
952,안희성,3:07:48 ㅋㅋㅋㅋㅋㅋ,0,0
953,이찬서,로스트아크 보려고 왔는데 이거 떠서 궁금해서 들어온사람 손,0,0
954,신기한물건 모음,3:29:28,0,0
955,Wn Msx,3:12:15,0,0
956,소민,3:10:52,0,0
957,모래작약,김밥천국 뒷테이블 아저씨가 저기 어디 산이녜…근데 나도 몰라…뭐라고 해야해,2,2
958,김승현,3:08:30,0,0
959,고야니캔따개,책갈피13:15,0,0
960,윤깜놀,나는 웃겨서 뒤집어지는데 엄마는 저게 왜 웃기냐고 하심당...ㅋㅋㅋ 그럴수도 있다 싶어요 왜냐 어르신들한테 저건 그냥 평범한거니까...?,0,0
961,letsgo99,카메라 앵글이나 테크닉을 보면 분명 제5의 멤버가 있다. 누고???,14,14
962,min,2:16:52책갈피,0,0
963,강경민,2:17:33,0,0
964,이미미,3:10:37,0,0
965,이로운,2:26:57,0,0
966,윤승한,2:16:54 영갈피,0,0
967,혹시나 역시나 존시나,1:09:13 이거 나만 알아챘냐ㅋㅋ-,3,3
968,아영유튜브,1:47:20,0,0
969,Ada,5:54 인쇙의 주인공ㅋㅋㅋㅋㅋㅋㅋ새겨,2,2
970,오디후니,2:27:00 아 근데 실내에서 고스톱 치는데 왜 모자랑 팔토시하고있냐고 ㅋㅋㅋㅋㅋㅋㅋㅋㅋㅇㅏ미친 ㅋㅋㅋ 절단난다 절단나써,0,0
971,악기,3:24:57,0,0
972,xxoxxxoxx,2:12:22,0,0
973,김지지,2:35:40,0,0
974,홍화준,3:29:35,0,0
975,니카(NIKA),2:06:12,0,0
976,B A,3:29:39,0,0
977,우소자牛(宇)小子,01:50:40 ㅋㅋㅋㅋ,0,0
978,박준휘,3:29:37,0,0
979,정도윤,3:29:37,0,0
980,aioner K,3:29:37,0,0
981,bbb,3:29:37,0,0
982,생선조림,3:29:37,0,0
983,조아Joa,1:03:41 책갈피 ~.~,2,2
984,나나,32:48 이거진짜예요????,1,1
985,Cloud,40:23,0,0
986,김용,창호님 내외출복이랑 똑같아서 자괴감드네ㅋ,0,0
987,J,2:24:29,0,0
988,망꽁이,꽃 ㅋㅋㅋㅋㅋㅋ 나무 ㅋㅋㅋㅋ,0,0
989,제시켜알바,나 이거 첨보는데 구독자가 왜이리많쵸?이유가있나?,0,0
990,냥냥,1:06:21,1,1
991,서승현,아닠ㅎㅋㅎ ㅆㅂ 진짜 3시간30준짜리가 130만회면 어떻게 본건뎈ㅎㅋㅎㅎㅋ,0,0
992,M Su,3:00:15,0,0
993,감귤소녀,14:40 화끈하게 화끈하게,0,0
994,김미나,1:44:00 책갈피,0,0
995,來生,47:18,1,1
996,고길동,1:10:24,0,0
997,이름,1:37:55 책갈피,0,0
998,부경,1:06:15,0,0
999,버터손,나는 이걸 왜 보고있는걸까...,0,0
1000,백패커,열정스포츠맨 김영남씨랑 다비이모랑 친인척 관계인가요? ㅋㅋㅋ말투가 남매라 그래도 믿것어유~,0,0
1001,감귤,아저씨들또보러왔어요  ㅋㅋ,1,1
1002,이종원,2:39:34,0,0
1003,Joon,1:55:40,0,0
1004,ㅎㅅㅎ,1:00:17,1,1
1005,버들치,2:47:00,0,0
1006,눈물이나옹,1:21:30 책갈피,0,0
1007,고길동,1:44:40,0,0
1008,김존슨씨,1:20:45,0,0
1009,Ailey Kim,아빠 생각나서 재밌게보고있는데 흉내는 좋지만 가래는 실제로 뱉으시는건 아니죠?ㅋ 제가 어릴때 자주가던 산이 보여서 반가웠는데 침뱉으실때 좀 그랬어요ㅜ,0,0
1010,빛나는빛나,"32:36 ㅜㅜ 엄마,,,,ㅎ힝구,,",4,4
1011,강경민,1:38:56,0,0
1012,눈부신빔,이.. 이이거 묵으도 된다,0,0
1013,무추moochu,2:15:23 앍,8,8
1014,김존슨씨,1:10:40,0,0
1015,집착맨,1:50:50,1,1
1016,조하영,2:51:00,0,0
1017,양양아 사랑해,백숙 먹자 했짜나!,0,0
1018,YS,1:38:52,0,0
1019,난그래,1:18:39,1,1
1020,보노보노,2:10:07 푸라닭 광고시작,36,36
1021,즐기며살자,1:28:55,0,0
1022,임다짐,19:02,0,0
1023,Whimsical JI,그거아냐 진짜 일주일됫나 구독자 3만명늘어남,0,0
1024,John K,지리산은왜안오는교!!!!!!!!!!!!!!!!!!!!!!!!!!!!!!!!!!!!!!!,0,0
1025,Jae Hur,택조 아재 이제 유투브로 돈도 많이 벌면서 좀 술도 사고 딸내미 용돈도 주고 좀 그르지,0,0
1026,부경,2:35:00,0,0
1027,PY W,1:18:42 책갈피,0,0
1028,Zz,29:00 내일볼부분,1,1
1029,강경민,1:28:53,0,0
1030,이재혁,1:00:01,0,0
1031,K K,1:53:41,0,0
1032,한준희,3:13:51 ㅋㅋㅋㅋㅋㅋㅋㅋㅋ저승사자말하는거 개웃기네,23,23
1033,성이름,소똥소똥 스타박스 ㅋㅋㅋㅋㅋㅋㅋㅋㅋ,0,0
1034,임지수,46:33 46:58뭘 나만또말려야 ㅋㅋㅋㅋㅋㅋㅋㅋㅋ둘이 같이 자빠졌다고 ㅋㅋㅋㅋㅋㅋㅋㅋㅋㅋㅋㅋㅋㅋㅋㅋㅋㅋㅋㅋ,0,0
1035,밤바나,"한사람,, 산악회회원 님덜^^;  대구에서 김밥집 히ㅡ는 이충원이 인사,,, 드립니다.. ~^^  회원님덜, , . 김밥 드시라고 김밥한줄 놓고 갑니디ㅡ... ~^  @)))))))))))))))@",8,8
1036,쩗쭓짧,1:18:53,0,0
1037,가렌,아 ㅈㄴ웃기다.,0,0
1038,Yfdhg,근대 정상은 언제가유?,0,0
1039,영분홍_young,카페에서 보기 창피 한데 본다...열정열정열정,1,1
1040,상어알,2:08:16 크으,0,0
1041,오남열,눈에 흙들어간거 개웃기네,1,1
1042,octane,썸낼 오른쪽 밑 선응이 형 인줄,0,0
1043,김보현,저기 이수만 선생님 있다,0,0
1044,정한솔,1:39:30,0,0
1045,Hailey,아..다비이모 남편이셨구나,1,1
1046,bc a,40:20,0,0
1047,슈.슈슉.,37:03,0,0
1048,기나죄,킬포)주변사람들 신경안씀,1,1
1049,어서와 앉아,2:18:00,0,0
1050,🌠밍,아놔 노래까지 딱임 ㅌㅋㅋㅋㅋㅋ,5,5
1051,파란바지,38:18,0,0
1052,엠앤엠즈,10:47,0,0
1053,미니미니,고스돕이 왜 손에서 나오지 뒷장이..,0,0
1054,아영유튜브,1:49:00,0,0
1055,ᄏᄏ,일곱 번째 부인이 도대체 무슨 말이에요1! ㅋㅋㅋㅋㅋㅋ,1,1
1056,MY EYES OF AP,35:19,0,0
1057,네미즈메튜,34:26,2,2
1058,kitty,40:56,0,0
1059,소민,43:51,1,1
1060,안치원,27:20,0,0
1061,LIKING,57:25,0,0
1062,장나무,"사진->샤진, 산->샨 / 이런식으로 발음하는거 혹시 어디사투리 있는건가요?ㅋ",0,0
1063,서영재,4:00:00,0,0
1064,민정,1:18:00,1,1
1065,Chi Yeong,43:45 아니 왜 나만 말려 ㅋㅋㅋㅋㅋㅋㅋㅋㅋㅋㅋㅋㅋㅋㅋㅋ,0,0
1066,후추팍팍쳤냐,1:44:00,0,0
1067,재욱,20:27,0,0
1068,이지수,31:18,0,0
1069,장형민,1:06:00,0,0
1070,둥둥,51:21,0,0
1071,경이,1:28:00,0,0
1072,shtjdwls,1:19:00,0,0
1073,둥둥,1:25:00,0,0
1074,게렌합북,저분 쇼미나왔던 임키 큰아부지? 빨간티셔츠? 임키 마이 닮으셨네! ㅋ ㅋ ㅋ,0,0
1075,밍숭맹숭,1:49:03 ㅋㅋㅋㄱㅋㅋㅋㅋㅋㅋ,0,0
1076,스톤콜드,ㅋㅋㅋㅋㅋㅋㅋ 아씨바 순하리소주,0,0
1077,양배추,26:26,0,0
1078,hyeon ah,1:06:00,0,0
1079,으하하,개웃김,0,0
1080,강니나,35:57,0,0
1081,팡팡,30:43,0,0
1082,유카브라운,꼭 내 이름 동생이름으로 부르시더라,0,0
1083,amosh,11:30 회원 딸랑 네 명인데 뭔 후원금이 저래 많넠ㅋㅋㅋㅋㅋㅋㅋㅋ에베레스트 스폰수준ㅋㅋㅋㅋㅋㅋㅋㅋㅋㅋㅋ,2,2
1084,도두,35:25,0,0
1085,이지수,1:22:00,0,0
1086,아차차,화질이 후져요 ㅠㅠ 앗 잠만 내컴이 안좋았나;,0,0
1087,이름,1:13:05,0,0
1088,이지수,52:44,0,0
1089,멈밈몀,20:20 책갈피,0,0
1090,여운,1:45:59 ㅋㅋㅋㅋ 발에다 물담그자,0,0
1091,shinhotgirl,56:54,5,5
1092,이샤론,컨셉이 6~70대인가요?,0,0
1093,감귤소녀,35:15,0,0
1094,파파존스더블초코칩브라우니,27:26,0,0
1095,야옹이댕댕이러뷰,16:33,3,3
1096,히,46:15 ,1,1
1097,kitty,48:13,0,0
1098,HSL,05:10,0,0
1099,M,영남아재 소리만 들으면 김원효같음,0,0
1100,max,진짜 싸우는거같은데 ㅋㅋㅋ레알ㅋㅋ,1,1
1101,이수진,야망가ㅋㅋㅋㅋㅋㅋㅋㅋㅋㅋㅋㅋㅋㅋㅋ,0,0
1102,rlaalswnd,10:30,1,1
1103,Dogun Lee,33:47,0,0
1104,2012입덕REAL,20:30,1,1
1105,Dogun Lee,46:30,0,0
1106,미진,44:00,1,1
1107,두유,27:35,0,0
1108,パクジヨン,2:29  ㅇㄱㄹㅇ 찐임..  주말마다 아빠 따라갈때마다 저럼...,59,59
1109,예나몬.,38:49 뒤에 찐아저씨 쿨쿨,0,0
1110,윤미인데 ꖶዞ ?̑̈,1:00:10 핸드폰 제스처 싫어하넼ㅋㅋㅋㅋㅋㅋㅋㅋㅋㅋㅋ,0,0
1111,예슬,14:15,1,1
1112,도두,45:00,0,0
1113,주영,30:35,0,0
1114,용인신갈,2:10:22 형들 나 이거 알람소리로 써도됨?,4,4
1115,구피링,11:25,0,0
1116,지츄,1:23:08 ㅋㅋㅋ땀닦아,0,0
1117,임세민,22:59,0,0
1118,Hong K,마음에도 없는 빈말 ㅋㅋㅋㅋㅋㅋㅋㅋㅋㅋㅋ,0,0
1119,부자,1시간쯤 영남회장이하 들이 광용이 아들한테 아버지한테 갖다드리라 이 의미가 노소장한테 당한걸 위로 차 보태주는건가요?,0,0
1120,그냥사람,20:48,0,0
1121,스키야갸,만 삼천원 ㅋㅋㅋㅋㅋㅋㅋㅋㅋㅋ 부회장인데........만삼천원....ㅋㅋ,1,1
1122,Nelli,누나 언니 ㅋㅋㅋㅋ,0,0
1123,임포도,43:30,0,0
1124,순두부,50:00,0,0
1125,ㅇㅇ,16:54,0,0
1126,파파존스더블초코칩브라우니,29:34,0,0
1127,sandoz0,물리교사가 식물도감이냐고 왜잎을 뜯어 먹다가 ㅋㅋㅋ,1,1
1128,이준희,5:59,0,0
1129,Mjhk 02,1:23:50 아저씨들 연예인 얘기하는거 똑같네 ㅋㅋㅋㅋ,0,0
1130,영차진행시켜,열쩡.열쩡.열쩡!,0,0
1131,멋쟁이 콩나물,9:44,1,1
1132,파란김밥,24:26,0,0
1133,erse V,시발ㅋㅋㅋㅋ물리쌤 존똑이닼ㅋㅋ,0,0
1134,댓글안보기,25:00,0,0
1135,I love UK DRILL 🇬🇧,1:00:00,0,0
1136,OHEZ__,20:30,0,0
1137,브베타도,52분. 내용은. 순풍산부안과. .  박영규와 강토 엄마. 산에서. 벌어진. 내용이다,0,0
1138,상어알,43:45 개웃기네 이걸 안웃네,1,1
1139,kavin park,28:57 까지봄,0,0
1140,권소정,"근데 진짜로 영남회장처럼 샨에, 섕활에 , 이런식으로 발음하나요?과장 아니구요?ㅋㅋ",1,1
1141,꿀단지,부장님들 같다ㅋ ㅋㅋ,0,0
1142,why,1:34:05 으응…!헤으응….!,0,0
1143,zmung2,24:24,0,0
1144,A a,ㅋㅋㅋㅋㅋㅋㅋㅋㅋㅋㅋㅋㅋㅋㅋㅋㅋㅋㅋㅋㅋㅋㅋㅋ킬링파트가 몇개냐,14,14
1145,한상훈,34:10,0,0
1146,성이름,18:00,1,1
1147,도톰맘,43:00,0,0
1148,강인아,24:48,0,0
1149,이잌잌,트레일러파크보이즈 느낌나넼ㅋㅋㅋㅋㅋㅋ 넷플릭스 뭐하냐 후딱 모셔가야지,2,2
1150,KwangYoTerio,컨셉 개오지네 ㅋㅋㅋㅋㅋㅋㅋㅋㅋㅋㅋㅋㅋㅋㅋㅋㅋㅋㅋㅋ,2,2
1151,챠챠,1:49:15 ㅋㅌㅌㅌㅌㅌㅌㅋㅋㅋㅋㅋㅋㅋㅋㅋㅋㅋㅋㅋㅋㅋㅋㅋㅋㅋㅋㅋ 그즈오잉~?ㅋㅋㅋㅋㅋㅋㅋㅋㅋㅋㅋㅋㅋㅋㅋㅋ,2,2
1152,riddle_cat,2:35:25 악몽 꾸는 생쥐,0,0
1153,MINI,이거 다시 안함요....?,0,0
1154,박겐타로,3:29:38 광고스킵,0,0
1155,뿌루,광용 할아버지 캐릭은 만나면 사람 너무 답답하게해서 짜증남…,1,1
1156,정우진,1:47:40 제물포ㅋㅋㅋ 제(쟤)땜에 물리 포기 ㅋㅋㅋㅋ,0,0
1157,Spring_beom,튼튼한거 삿네 아이cㅋㅋㅋㅋㅋ,0,0
1158,Kelly,택조 아찌네 7남 8녀 ㅋㅋㅋㅋㅋ,0,0
1159,WHEELOGUE,정말 어디가 웃긴부분인지 모르겠습니다,0,0
1160,ㄱㅅㅈ,2:05 이수만인데??ㅋㅋㅋㅋㅋㅋ닮았어,0,0
1161,s weet,22:00,0,0
1162,바른생각좋은생각,3:22 ㅋㅋㅋㅋㅋㅋㅋㅋㅋ,0,0
1163,박찬희,34:37,0,0
1164,kyung hee Park,0:36 제이호 아버님이신가요?,0,0
1165,스카이문필름,23:00,0,0
1166,gazurog,5호선드립 ㅅㅂ ㅋㅋㅋㅋㅋㅋㅋ,0,0
1167,이지연,16:00,0,0
1168,괴짜,2:10:07 여기 브루스올마이티 영화에 나오는 소리랑 똑같음 ㅋㅋㅋㅋㅋㅋㅋㅋ  https://youtu.be/LSS7BAcR4rw?t=105,4,4
1169,룰루와 랄라,8:32,0,0
1170,그림자잡이,개그인거 알지만 진짜 엮이기 싫은 그룹이다 ㅋ,0,0
1171,JUYOUNG LEE,김신조 ㅋㅋㅋㅋㅋㅋㅋㅋㅋ,0,0
1172,_푸 [POW],세시간 ㅋㅋㅋㅋㅋㅋㅋㅋㅋㅋㅋㅋㅋㅋㅋㅋㅋ,1,1
1173,dms rk,40:40,0,0
1174,p•_•q,1:20:32,0,0
1175,둥둥,13:00,2,2
1176,Abracadabra,정겹다 정겨워,0,0
1177,풍선초록,ㅇㅏ저씨들 공통어. 어어어이어어어.,0,0
1178,차트마스터,3:44,1,1
1179,Sung Jae Lee,1:47:42 제물포 = 쟤물포 =쟤 때문에 물리 포기했다,1,1
1180,하사 진 김한솔,4:01,0,0
1181,김우진,34:00,1,1
1182,eekikw,저새끼는 구미호인가보데 ㅋㅋㅋㅋㅋㅋㅋㅋㅋㅋㅋㅋㅋㅋㅋㅋㅋㅋㅋㅋㅋㅋㅋㅋㅋㅋㅋㅋㅋㅋㅋㅋㅋㅋㅋㅋㅋㅋㅋㅋㅋㅋㅋㅋㅋㅋㅋㅋ이창호 사랑해여,0,0
1183,ᄏ슈퍼맨,아 겁나웃겨ㅋㅋㅋㅋㅋㅋㅋㅋㅋㅋㅋㅋㅋㅋㅋㅋㅋㅋㅋㅋㅋㅋㅋㅋㅋㅋㅋㅋㅋㅋㅋ,0,0
1184,봄바람,나이거 왜 보고있지..  ??40분째...?,0,0
1185,양귀비,회장님 돈 많네ㅋㅋ 사업체가 5개나있어~~~,0,0
1186,길짱이,24:00,0,0
1187,풍선초록,물리쌤은 그냥 동네바보같아ㅋㅋ입가에 크림 묻히고 한손에 막걸리.한손에 빵들고ㅋㅋ,1,1
1188,이센스,ㅋㅋㅋㅋㅋㅋㅋㅋㅋㅋㅋㅋㅋㅋㅋㅋㅋㅋㅋㅋㅋㅋㅋㅋ,0,0
1189,박태현,@58:44 김삿갓 이야~,1,1
1190,나는이영지,1:49,1,1
1191,전두환장군,아!!!!!! 넷이서 뭐하냐고 ㅋㅋㅋㅋㅋㅋㅋㅋㅋㅋㅋㅋㅋㅋㅋㅋㅋㅋㅋㅋ,1,1
1192,공주밍키,1:46:52 뉴자지요 ?,0,0
1193,지수,ㅋㅋㅋㅋㅋㅋㅋㅋㅋㅋㅋㅋㅋㅋㅋㅋㅋㅋㅋㅋㅋㅋ 김재규 육본 가서 체포 됐는데 ㅋㅋㅋㅋㅋ 드립이죠? ㅋㅋㅋㅋㅋㅋㅋㅋㅋㅋㅋ,0,0
1194,이창호?,2:15:22 아야,0,0
1195,나뚜루,3:32,0,0
1196,마애,너네가 나보다 동생이라니...ㅋㅋㅋㅋ,10,10
1197,라면RAMEN,46:33 왜 또 나만 말려,0,0
1198,Aurora,코쟁이 ㅋㅋㅋㅋㅋ,0,0
1199,살아가는 쭌,1:26,0,0
1200,현현,3:40 야망가,1,1
1201,예으니,ㅋㅋㅋㅋㅋㅋㅋㅋㅋㅋㅋㅋㅋㅋㅋㅋㅋㅋㅋㅋㅋㅋ제목길이봐,0,0
1202,설레,찐 아저씨들 같앸ㅋㅋㅋㅋㅋㅋㅋㅋㅋㅋㅋㅋㅋㅋㅋㅋㅋ,1,1
1203,H S,3시간 이라서 내 눈이 이상한 즐..,1,1
1204,캡틴잭,이 영상은 왜 자꾸 내 추천영상으로 뜨지 ㅡㅡㅋ,0,0
1205,또리또리나잇,얌마 회장아 택조부회장이 씻팔 돈이 없어서 안내는게 아니잖아 능력껏 낸건데 그걸 가지고 쪽을주면 되나 안되나 으이?,0,0
1206,세계지도,술안주 피식대학,0,0
1207,으잇,이건 유머가 아니라 다큐다..... ebs 뭐하노진심,3,3
1208,참기름띠,열졍도 없는계,0,0
1209,돈 클리크,ㅋㅋㅋㅋㅋㅋㅋㅋ,0,0
1210,big stone,1:45:58 어디다 뭘 담가? ㅋㅋ,1,1
1211,뎅이츠,3:29:37 광고,1,1
1212,:: AlphaDo ::,아니 맨 앞에 광고 몰린거 개징그럽네 ㅋㅋㅋㅋㅋㅋ,0,0
1213,마이콜,1:39 여기서 문제 자전거를 모르는고객이 자전거를 사러왔다 원가는 80만원이다 이때 얼마에 팔아야할까?1).752).803).854).905).95 정답:4번 95만원을했다간 신고당할 수 있으니 90만원에 한다 자전거를모르니 비싸도 그런가보다 하기 때문이다,0,0
1214,ㄱ,3:13:11,0,0
1215,김성환,이택조 사투리 어색해서 저컨셉은 버리길잘한듯,2,2
1216,슾하클링,아빠 동창회 따라갔다가 아빠 어딨는지 몰라서 다른 아저씨한테 울 아빠 어딧냐고 물어봄 니 아빠가 누군데!!! 호통침xxx인데여 하니까 xxx이 누군데!!!!!!  (울아빠 동창회장인가 그거임) xxx이요 하니까 그게 누군데 썌끼야 이럼 속으로 욕하고 문어 먹으러 감,0,0
1217,흑구신,영상에서 왜 술냄새랑 담배냄새 목욕탕 스킨냄새가 나냐 ;,3,3
1218,공주님,1:00:15 뒤에아저씨들이 더 젊어보이노,0,0
1219,찌니,이번엔 너로 정했다,2,2
1220,qqqppp0015,#34:24,0,0
1221,김도훈,아빠 왜 거기있어...,1,1
1222,철수,진짜 우리 아빠 패러디 아니노..,1,1
1223,Tsubaki Sakurai,광고가 다닥다닥 붙어있네..,0,0
1224,박재홍,6:26,0,0
1225,나라우리,광용이 나올때 자막좀 달아주세요... 진심 안들러,1,1
1226,SEONGJIN CHO,꼰대충 대표 특징 : 별 쓰잘떼기 없는 거에 의미부여하고 규범화해서 옆사람 ㅈㄴ  피곤하게 만듦,0,0
1227,Sujin C,ㅋㅋㅋㅋㅋ,0,0
1228,S T,여긴 뭐하는 채널이에요?,0,0
1229,강박콩,ㅇㄷ 2:02:57,0,0
1230,킴율,1:32:16 여기 계속 전화상 여자분이 '응응' 하는 것 같은 소리 저만 들리나요??뭐지 뭐지,1,1
1231,White,이건 쪼인해야지 아 ㅋㅋ,0,0
1232,지은,이 사람들 혼자 등산하는거 보기도 싫음 평생 넷이해라,0,0
1233,강박콩,ㅇㄷ 2:24:08,0,0
1234,로크박스,@1:04:55 아니 그럼 빌려준돈을 다 잃어버렷단건 삥땅쳣단건가?,0,0
1235,착한사람,ㅋㅋㅋ,0,0
1236,이수민,1:45:58 발에다 물 담그자고,0,0
1237,빠이띵,1:45:59 발에다 물 ㅅㅂㅋㄱㅋㄱㅋㄱㅋㄱㅋㄱㅋㅋㄱㅋㄱㅋㄱㅋㅋ,0,0
1238,김태형,24:34,0,0
1239,뽐뽐,GOAT,0,0
1240,깔루아밀크,여기가 국회야? 왜이래~,0,0
1241,나는너구리부인,망치로 먼저 대가리 맞아욬ㅋㅋㅋㅋㅋㅋㅋ애드립이죠?,0,0
1242,하늘구름,46:30 나만말려,1,1
1243,Mina Na,열쩡 열쩡 열쩡,0,0
1244,가산,열쩡,0,0
1245,홍중빈,영남회장님..육군본부가서 김재규잡힌거에요..ㅋㅋㅋㅋㅋ컨셉오지노,0,0
1246,송승엽,아니 7남8녀며는 .....에반데..;,0,0
1247,cocouning,2:02:49 어깨트임fㅐ션,1,1
1248,이진형,1:45:58 발에다 물담그자고,0,0
1249,김지한,7남? 8녀??!!!!???,0,0
1250,protocol4,니들도 금방늙는다. 꼰대 희화화 하지마라. 근데...웃기긴 허다 ㅋㅋㅋ,0,0
1251,Katie,근데 몸매가 너무 아저씨.같아요 ㅋㅋㅋ 일부러 뱃살 안빼는 거죠? ㅋ,0,0
1252,엄마는외계인,다 다봤는데  이제 모 보노 ㅜㅜ ...........,0,0
1253,게렌합북,김영남이 임키 큰아빠 그분 맞아?,0,0
1254,다오리 넌 뇌가 없다,홍상수 저리기라네,0,0
1255,프렌치불독,1:37:46 ㅇㄷ,1,1
1256,Pink Freak,"3:13:06 ""광용이는 어디갔노?""",1,1
1257,JJ,"광용샘 대구 남자,,?",0,0
1258,우희수,34:28 ㅅㅋㅋㅋㅋㅋㅋㅋㅋㅋ,0,0
1259,피치,7번째부인..,0,0
1260,혬니,7남8녀 미쳣냐곸ㅋㅋㅋㅋㅋㅋ,0,0
1261,저스틴,시벌 이게 연기라고??,0,0
1262,터닝포인트,민수 저케릭 볼때마다 짜증이네 ㅋ,0,0
1263,Drill UK,ㅋㅋ,0,0
1264,JW H,사람이 쪼다 김평호씨?,0,0
1265,Toygoon,1:05:36 ?,0,0
1266,김찬욱,알고리즘 왜뜬거임 나 학생인데,0,0
1267,H H H,이게연기라고???????,0,0
1268,로얄밀크티,코좀 그만먹어요 ㅠ,0,0
1269,나다,26:53 먹은거야?,0,0
1270,거북선,공룡,0,0
1271,사랑해요짱구오빠,빨간옷 턱중인가,0,0
1272,아.지친다,아줌마는 없어요? 칙칙해요,0,0
1273,O,32:31 ㅊㄱㅍ,1,1
1274,팩트만말하는사람,아...모르고댓글지움....,0,0
1275,천공이,2:37:00 ㅊㄱㅍ,1,1
1276,세히하이,,0,0
1277,Andrew,11:25 ㅈㄴ ㅇㄱㄴ ㅋㅋㅋ,2,2
1278,김철진,.,0,0
1279,라떼에우유빼고주세요,02:13:00 ㅊㄱㅍ,0,0
1280,트윙클,46:30 왜 나만 또 말려 시x,6,6
1281,삐뽀,ㅊㄱㅍ 1:20:00,0,0
1282,미췬텐션,오합지졸이네,0,0
1283,Bella,나 지금 뭐보는거에요,1,1
1284,w.b,34:20 ㅁㅣㅊㅣ ㅎ ㅎ,13,13
1285,도리,이게 왜 연관이지? ㅡㅡ  산악회는 일단 거른다,0,0
1286,sootay,가래침 끌어 올리는 소리 정말 역겨워요. 그것만 빼면 재밌게 볼수 있었을텐데 아쉽네요.,0,0
